{
    "Lighting": true,
    "PrimitiveType": 3,
    "blendMode": 0,
    "childrenNames": [
        "leftHand",
        "rightHand"
    ],
    "isLighting": true,
    "isModelDraw": true,
    "modelName": "",
    "objectColor": {
        "w": 1.0,
        "x": 0.14954842627048492,
        "y": 0.21131840348243713,
        "z": 0.8599033951759338
    },
    "objectName": "player",
    "parentName": "",
    "rotation": {
        "w": 1.0,
        "x": 0.0,
        "y": 0.0,
        "z": 0.0
    },
    "scale": {
        "x": 0.9999999403953552,
        "y": 1.0,
        "z": 0.9999999403953552
    },
    "skeletonDraw": false,
    "textureName": "debug/white1x1.png",
    "translation": {
        "x": -60.16025924682617,
        "y": 0.0,
        "z": -94.5651626586914
    }
}