{
    "blendMode": 0,
    "rotation": {
        "x": 0.0,
        "y": -0.0,
        "z": 0.0
    },
    "scale": {
        "x": 1.0,
        "y": 1.0,
        "z": 1.0
    },
    "texturePath": "debug/white1x1.png",
    "translation": {
        "x": -6.545753002166748,
        "y": 0.0,
        "z": -32.571590423583984
    }
}