# Blender 4.2.0
# www.blender.org
mtllib Ground.mtl
o 平面
v 100.000000 0.000000 -100.000000
v -100.000000 4.309060 -100.000000
v 100.000000 0.000000 100.000000
v -100.000000 5.191637 100.000000
v 100.000000 0.000000 92.307693
v 100.000000 0.000000 84.615387
v 100.000000 0.000000 76.923080
v 100.000000 0.000000 69.230774
v 100.000000 0.000000 61.538464
v 100.000000 0.000000 53.846157
v 100.000000 0.000000 46.153851
v 100.000000 0.000000 38.461540
v 100.000000 0.000000 30.769236
v 100.000000 2.766077 23.076927
v 100.000000 2.766077 15.384621
v 100.000000 2.084400 7.692312
v 100.000000 2.084400 0.000003
v 100.000000 0.000000 -7.692305
v 100.000000 0.000000 -15.384613
v 100.000000 0.000000 -23.076921
v 100.000000 0.000000 -30.769230
v 100.000000 0.000000 -38.461536
v 100.000000 0.774670 -46.153843
v 100.000000 0.774670 -53.846149
v 100.000000 3.855132 -61.538460
v 100.000000 3.855132 -69.230766
v 100.000000 0.000000 -76.923073
v 99.999992 3.639769 -85.758339
v 99.999992 3.639769 -93.450645
v -100.000000 7.108019 -92.307693
v -100.000000 2.798960 -84.615387
v -100.000000 0.000000 -76.923080
v -100.000000 0.000000 -69.230774
v -100.000000 0.000000 -61.538464
v -100.000000 2.103827 -53.846157
v -100.000000 2.103827 -46.153851
v -100.000000 0.000000 -38.461540
v -100.000000 0.000000 -30.769236
v -100.000000 0.000000 -23.076927
v -100.000000 2.453022 -15.384621
v -100.000000 2.453022 -7.692312
v -100.000000 0.000000 -0.000003
v -100.000000 0.000000 7.692305
v -100.000000 0.000000 15.384613
v -100.000000 0.000000 23.076921
v -100.000000 0.000000 30.769230
v -100.000000 0.000000 38.461536
v -100.000000 0.000000 46.153843
v -100.000000 0.000000 53.846149
v -100.000000 0.000000 61.538460
v -100.000000 3.538862 69.230766
v -100.000000 3.538862 76.923073
v -100.000000 0.000000 84.615379
v -100.000000 5.191637 92.307686
v 92.307693 0.000000 -100.000000
v 84.615387 3.011919 -100.000000
v 76.923080 3.011919 -100.000000
v 69.230774 0.000000 -100.000000
v 61.538464 2.272985 -100.000000
v 53.846157 2.272985 -100.000000
v 46.153851 0.000000 -100.000000
v 38.461540 2.056879 -99.867996
v 30.769236 2.056879 -99.867996
v 23.076927 0.000000 -100.000000
v 15.384621 0.000000 -100.000000
v 7.692312 0.000000 -100.000000
v 0.000003 0.268540 -100.000000
v -7.692305 0.268540 -100.000000
v -15.384613 0.000000 -100.000000
v -23.076921 2.014890 -100.000000
v -30.769230 2.014890 -100.000000
v -38.461536 0.000000 -100.000000
v -46.153843 0.961354 -100.000000
v -53.846149 0.961354 -100.000000
v -61.538460 0.000000 -100.000000
v -69.230766 0.000000 -100.000000
v -76.923073 0.000000 -100.000000
v -84.615379 0.000000 -100.000000
v -92.307686 4.309060 -100.000000
v -92.307693 5.191637 100.000000
v -84.615387 0.000000 100.000000
v -76.923080 0.000000 100.000000
v -69.230774 1.426112 100.000000
v -61.538464 1.426112 100.000000
v -53.846157 0.000000 100.000000
v -46.153851 0.000000 100.000000
v -38.461540 0.589669 100.000000
v -30.769236 0.589669 100.000000
v -23.076927 0.000000 100.000000
v -15.384621 0.000000 100.000000
v -7.692312 0.467043 100.000000
v -0.000003 1.258290 100.000000
v 7.692305 2.930485 100.000000
v 15.384613 2.139238 100.000000
v 23.076921 0.000000 100.000000
v 30.769230 1.818336 100.000000
v 38.461536 1.818336 100.000000
v 46.153843 0.000000 100.000000
v 53.846149 0.000000 100.000000
v 61.538460 0.000000 100.000000
v 69.230766 0.000000 100.000000
v 76.923073 0.000000 100.000000
v 84.615379 0.000000 100.000000
v 92.307686 0.000000 100.000000
v -92.307693 7.108019 -92.307693
v -84.615387 2.250793 -92.307693
v -76.923080 5.434444 -92.307693
v -69.230774 3.183651 -92.307693
v -61.538464 0.000000 -92.307693
v -53.846157 0.961354 -92.307693
v -46.153851 3.312345 -92.307693
v -38.461540 2.350991 -92.307693
v -30.769236 2.014890 -92.307693
v -23.076927 5.645673 -92.290398
v -15.384621 3.630783 -92.290398
v -7.692312 6.427308 -92.307693
v -0.000003 6.427308 -92.307693
v 7.692305 0.000000 -92.307693
v 15.384613 2.068326 -92.307693
v 23.076921 2.068326 -92.307693
v 30.769230 2.056879 -92.175690
v 38.461536 2.056879 -92.175690
v 46.153843 0.000000 -92.307693
v 53.846149 2.272985 -92.307693
v 61.538460 2.272985 -92.307693
v 69.230766 0.000000 -92.307693
v 76.923073 5.847751 -92.307693
v 84.615379 5.847751 -92.307693
v 92.307678 3.639769 -93.450645
v -92.307693 2.798960 -84.615387
v -84.615387 2.250793 -84.615387
v -76.923080 5.434444 -84.615387
v -69.230774 4.491887 -84.615387
v -61.538464 1.308236 -84.615387
v -53.846157 0.000000 -84.615387
v -46.153851 2.350991 -84.615387
v -38.461540 2.350991 -84.615387
v -30.769236 0.000000 -84.615387
v -23.076927 3.630783 -84.598091
v -15.384621 3.630783 -84.598091
v -7.692312 6.158768 -84.615387
v -0.000003 6.719781 -84.615387
v 7.692305 0.561013 -84.615387
v 15.384613 2.899185 -84.615387
v 23.076921 2.899185 -84.615387
v 30.769230 0.000000 -84.615387
v 38.461536 0.621684 -84.615387
v 46.153843 0.621684 -84.615387
v 53.846149 0.000000 -84.615387
v 61.538460 0.000000 -84.615387
v 69.230766 0.000000 -84.615387
v 76.923073 4.683243 -84.615387
v 84.615379 4.683243 -84.615387
v 92.307678 3.639769 -85.758347
v -92.307693 1.989879 -76.923080
v -84.615387 1.989879 -76.923080
v -76.923080 0.000000 -76.923080
v -69.230774 1.308236 -76.923080
v -61.538464 4.797353 -76.923080
v -53.846157 3.489117 -76.923080
v -46.153851 0.000000 -76.923080
v -38.461540 0.000000 -76.923080
v -30.769236 0.000000 -76.923080
v -23.076927 0.000000 -76.923080
v -15.384621 0.000000 -76.923080
v -7.692312 0.000000 -76.923080
v -0.000003 0.561013 -76.923080
v 7.692305 0.561013 -76.923080
v 15.384613 0.830859 -76.923080
v 23.076921 0.830859 -76.923080
v 30.769230 0.000000 -76.923080
v 38.461536 0.621684 -76.923080
v 46.153843 3.024314 -76.923080
v 53.846149 2.589361 -76.923080
v 61.538460 0.186732 -76.923080
v 69.230766 0.000000 -76.923080
v 76.923073 1.847410 -76.923080
v 84.615379 2.391910 -76.923080
v 92.307686 0.544500 -76.923073
v -92.307693 1.989879 -69.230774
v -84.615387 1.989879 -69.230774
v -76.923080 1.755291 -69.230774
v -69.230774 1.755291 -69.230774
v -61.538464 3.489117 -69.230774
v -53.846157 3.489117 -69.230774
v -46.153851 0.000000 -69.230774
v -38.461540 0.000000 -69.230774
v -30.769236 1.228335 -69.230774
v -23.076927 1.228335 -69.230774
v -15.384621 0.000000 -69.230774
v -7.692312 0.000000 -69.230774
v -0.000003 0.000000 -69.230774
v 7.692305 0.000000 -69.230774
v 15.384613 0.000000 -69.230774
v 23.076921 0.000000 -69.230774
v 30.769230 0.000000 -69.230774
v 38.461536 0.000000 -69.230774
v 46.153843 2.402630 -69.230774
v 53.846149 2.589361 -69.230774
v 61.538460 0.186732 -69.230774
v 69.230766 0.000000 -69.230774
v 76.923073 0.000000 -69.230774
v 84.615379 0.544500 -69.230774
v 92.307686 4.399632 -69.230774
v -92.307693 0.000000 -61.538464
v -84.615387 0.000000 -61.538464
v -76.923080 1.755291 -61.538464
v -69.230774 2.214733 -61.538464
v -61.538464 0.459442 -61.538464
v -53.846157 0.000000 -61.538464
v -46.153851 0.000000 -61.538464
v -38.461540 0.000000 -61.538464
v -30.769236 1.228335 -61.538464
v -23.076927 1.228335 -61.538464
v -15.384621 0.000000 -61.538464
v -7.692312 -0.306199 -61.538464
v -0.000003 -0.306199 -61.538464
v 7.692305 0.000000 -61.538464
v 15.384613 0.000000 -61.538464
v 23.076921 -0.515593 -61.538464
v 30.769230 -0.515593 -61.538464
v 38.461536 0.000000 -61.538464
v 46.153843 0.000000 -61.538464
v 53.846149 0.000000 -61.538464
v 61.538460 0.000000 -61.538464
v 69.230766 -0.706570 -61.538464
v 76.923073 -0.706570 -61.538464
v 84.615379 0.000000 -61.538464
v 92.307686 3.855132 -61.538460
v -92.307693 2.103827 -53.846157
v -84.615387 0.000000 -53.846157
v -76.923080 0.000000 -53.846157
v -69.230774 0.459442 -53.846157
v -61.538464 0.459442 -53.846157
v -53.846157 0.000000 -53.846157
v -46.153851 0.000000 -53.846157
v -38.461540 0.000000 -53.846157
v -30.769236 0.000000 -53.846157
v -23.076927 0.739921 -53.846157
v -15.384621 0.739921 -53.846157
v -7.692312 -0.306199 -53.846157
v -0.000003 -0.306199 -53.846157
v 7.692305 0.000000 -53.846157
v 15.384613 0.000000 -53.846157
v 23.076921 -0.515593 -53.846157
v 30.769230 -1.031589 -53.846157
v 38.461536 -0.515996 -53.846157
v 46.153843 0.000000 -53.846157
v 53.846149 0.000000 -53.846157
v 61.538460 0.000000 -53.846157
v 69.230766 -0.706570 -53.846157
v 76.923073 -0.371512 -53.846157
v 84.615379 0.335058 -53.846157
v 92.307686 0.774670 -53.846157
v -92.307693 2.103827 -46.153851
v -84.615387 0.000000 -46.153851
v -76.923080 0.000000 -46.153851
v -69.230774 0.000000 -46.153851
v -61.538464 0.000000 -46.153851
v -53.846157 0.000000 -46.153851
v -46.153851 0.000000 -46.153851
v -38.461540 0.000000 -46.153851
v -30.769236 0.000000 -46.153851
v -23.076927 0.739921 -46.153851
v -15.384621 0.739921 -46.153851
v -7.692312 0.509535 -46.153851
v -0.000003 0.509535 -46.153851
v 7.692305 0.000000 -46.153851
v 15.384613 0.000000 -46.153851
v 23.076921 0.000000 -46.153851
v 30.769230 -0.515996 -46.153851
v 38.461536 -0.515996 -46.153851
v 46.153843 0.000000 -46.153851
v 53.846149 1.121537 -46.153851
v 61.538460 1.121537 -46.153851
v 69.230766 0.000000 -46.153851
v 76.923073 0.335058 -46.153851
v 84.615379 0.335058 -46.153847
v 92.307686 0.774670 -46.153843
v -92.307693 0.000000 -38.461540
v -84.615387 0.000000 -38.461540
v -76.923080 0.000000 -38.461540
v -69.230774 0.000000 -38.461540
v -61.538464 0.000000 -38.461540
v -53.846157 0.000000 -38.461540
v -46.153851 0.000000 -38.461540
v -38.461540 0.000000 -38.461540
v -30.769236 0.000000 -38.461540
v -23.076927 0.000000 -38.461540
v -15.384621 0.000000 -38.461540
v -7.692312 0.509535 -38.461540
v -0.000003 0.509535 -38.461540
v 7.692305 0.840432 -38.461540
v 15.384613 0.840432 -38.461540
v 23.076921 0.000000 -38.461540
v 30.769230 0.000000 -38.461540
v 38.461536 0.000000 -38.461540
v 46.153843 0.000000 -38.461540
v 53.846149 1.121537 -38.461540
v 61.538460 1.121537 -38.461540
v 69.230766 0.000000 -38.461540
v 76.923073 0.000000 -38.461540
v 84.615379 0.000000 -38.461540
v 92.307686 0.000000 -38.461536
v -92.307693 0.906420 -30.769236
v -84.615387 0.906420 -30.769236
v -76.923080 0.000000 -30.769236
v -69.230774 0.000000 -30.769236
v -61.538464 0.000000 -30.769236
v -53.846157 0.745261 -30.769236
v -46.153851 0.745261 -30.769236
v -38.461540 0.000000 -30.769236
v -30.769236 0.000000 -30.769236
v -23.076927 0.000000 -30.769236
v -15.384621 0.000000 -30.769236
v -7.692312 0.000000 -30.769236
v -0.000003 0.000000 -30.769236
v 7.692305 0.840432 -30.769236
v 15.384613 0.840432 -30.769236
v 23.076921 0.000000 -30.769236
v 30.769230 0.000000 -30.769236
v 38.461536 0.000000 -30.769236
v 46.153843 0.000000 -30.769236
v 53.846149 0.000000 -30.769236
v 61.538460 0.000000 -30.769236
v 69.230766 0.000000 -30.769236
v 76.923073 0.000000 -30.769236
v 84.615379 0.000000 -30.769232
v 92.307686 0.000000 -30.769230
v -92.307693 0.906420 -23.076927
v -84.615387 0.906420 -23.076927
v -76.923080 0.000000 -23.076927
v -69.230774 0.000000 -23.076927
v -61.538464 0.000000 -23.076927
v -53.846157 0.745261 -23.076927
v -46.153851 0.745261 -23.076927
v -38.461540 0.000000 -23.076927
v -30.769236 0.165909 -23.076927
v -23.076927 0.165909 -23.076927
v -15.384621 0.000000 -23.076927
v -7.692312 0.466991 -23.076927
v -0.000003 0.466991 -23.076927
v 7.692305 0.000000 -23.076927
v 15.384613 0.000000 -23.076927
v 23.076921 0.000000 -23.076927
v 30.769230 0.000000 -23.076927
v 38.461536 0.000000 -23.076927
v 46.153843 0.000000 -23.076927
v 53.846149 0.000000 -23.076925
v 61.538460 0.000000 -23.076925
v 69.230766 0.000000 -23.076925
v 76.923073 0.000000 -23.076925
v 84.615379 1.485035 -23.076923
v 92.307686 1.485035 -23.076921
v -92.307693 2.453022 -15.384621
v -84.615387 0.000000 -15.384621
v -76.923080 0.000000 -15.384621
v -69.230774 0.000000 -15.384621
v -61.538464 0.000000 -15.384621
v -53.846157 0.210455 -15.384621
v -46.153851 0.210455 -15.384621
v -38.461540 0.000000 -15.384621
v -30.769236 0.165909 -15.384621
v -23.076927 0.165909 -15.384621
v -15.384621 0.000000 -15.384621
v -7.692312 0.466991 -15.384621
v -0.000003 0.466991 -15.384621
v 7.692305 0.000000 -15.384621
v 15.384613 0.583489 -15.384621
v 23.076921 0.583489 -15.384621
v 30.769230 0.000000 -15.384621
v 38.461536 0.000000 -15.384619
v 46.153843 0.000000 -15.384618
v 53.846149 0.634296 -15.384618
v 61.538460 0.634296 -15.384618
v 69.230766 0.269439 -15.384616
v 76.923073 0.269439 -15.384615
v 84.615379 2.919373 -15.384615
v 92.307686 2.919373 -15.384615
v -92.307693 2.453022 -7.692312
v -84.615387 2.781234 -7.692312
v -76.923080 2.781234 -7.692312
v -69.230774 0.000000 -7.692312
v -61.538464 0.000000 -7.692312
v -53.846157 0.210455 -7.692312
v -46.153851 0.210455 -7.692312
v -38.461540 0.000000 -7.692312
v -30.769236 0.000000 -7.692312
v -23.076927 0.000000 -7.692311
v -15.384621 0.000000 -7.692310
v -7.692312 0.000000 -7.692310
v -0.000003 0.000000 -7.692310
v 7.692305 0.000000 -7.692309
v 15.384613 0.583489 -7.692309
v 23.076921 0.583489 -7.692309
v 30.769230 0.376809 -7.692309
v 38.461536 0.376809 -7.692308
v 46.153843 0.000000 -7.692307
v 53.846149 0.634296 -7.692307
v 61.538460 0.634296 -7.692307
v 69.230766 0.269439 -7.692307
v 76.923073 0.269439 -7.692306
v 84.615379 1.434338 -7.692306
v 92.307686 1.434338 -7.692306
v -92.307693 0.000000 -0.000003
v -84.615387 2.781234 -0.000003
v -76.923080 2.781234 -0.000002
v -69.230774 0.430417 -0.000002
v -61.538464 0.430417 -0.000002
v -53.846157 0.000000 -0.000002
v -46.153851 0.000000 -0.000001
v -38.461540 0.000000 -0.000001
v -30.769236 0.177652 -0.000001
v -23.076927 0.177652 -0.000001
v -15.384621 0.000000 -0.000000
v -7.692312 0.000000 -0.000000
v -0.000003 0.000000 -0.000000
v 7.692305 0.000000 0.000000
v 15.384613 0.000000 0.000000
v 23.076921 0.000000 0.000001
v 30.769230 0.376809 0.000001
v 38.461536 0.376809 0.000001
v 46.153843 0.000000 0.000001
v 53.846149 0.000000 0.000002
v 61.538460 0.000000 0.000002
v 69.230766 0.000000 0.000002
v 76.923073 0.000000 0.000002
v 84.615379 0.000000 0.000003
v 92.307686 2.084400 0.000003
v -92.307693 1.363357 7.692305
v -84.615387 1.363357 7.692305
v -76.923080 0.000000 7.692305
v -69.230774 0.430417 7.692305
v -61.538464 0.430417 7.692305
v -53.846157 0.943403 7.692305
v -46.153851 0.943403 7.692305
v -38.461540 0.000000 7.692305
v -30.769236 0.177652 7.692306
v -23.076927 0.177652 7.692306
v -15.384621 0.000000 7.692306
v -7.692312 0.000000 7.692307
v -0.000003 0.000000 7.692307
v 7.692305 0.000000 7.692307
v 15.384613 0.834855 7.692307
v 23.076921 0.834855 7.692308
v 30.769230 0.000000 7.692309
v 38.461536 0.000000 7.692309
v 46.153843 0.356104 7.692309
v 53.846149 0.356104 7.692309
v 61.538460 1.889248 7.692310
v 69.230766 1.889248 7.692310
v 76.923073 0.000000 7.692310
v 84.615379 4.191291 7.692311
v 92.307686 6.275691 7.692312
v -92.307693 1.363357 15.384613
v -84.615387 1.363357 15.384613
v -76.923080 0.000000 15.384613
v -69.119133 0.271997 15.320627
v -61.426823 0.271997 15.320627
v -53.846157 0.943403 15.384613
v -46.153851 0.943403 15.384613
v -38.461540 0.000000 15.384613
v -30.769236 0.000000 15.384613
v -23.076927 0.000000 15.384613
v -15.384621 0.000000 15.384613
v -7.692312 0.270356 15.384613
v -0.000003 0.270356 15.384613
v 7.692305 0.000000 15.384613
v 15.384613 0.834855 15.384613
v 23.076921 0.834855 15.384613
v 30.769230 0.000000 15.384615
v 38.461536 0.000000 15.384615
v 46.153843 0.356104 15.384615
v 53.846149 0.356104 15.384616
v 61.538460 1.889248 15.384618
v 69.230766 1.889248 15.384618
v 76.923073 0.000000 15.384618
v 84.615379 4.191291 15.384619
v 92.307686 6.957368 15.384621
v -92.307693 2.197297 23.076921
v -84.615387 2.197297 23.076921
v -76.923080 0.000000 23.076921
v -69.119133 0.271997 23.012936
v -61.426823 0.271997 23.012936
v -53.846157 0.000000 23.076921
v -46.153851 0.000000 23.076921
v -38.461540 0.000000 23.076921
v -30.769236 0.000000 23.076921
v -23.076927 0.000000 23.076921
v -15.384621 0.000000 23.076921
v -7.692312 0.270356 23.076921
v -0.000003 0.270356 23.076921
v 7.692305 0.000000 23.076921
v 15.384613 0.000000 23.076921
v 23.076921 0.000000 23.076921
v 30.769230 0.639716 23.076921
v 38.461536 0.639716 23.076921
v 46.153843 0.000000 23.076921
v 53.846149 0.000000 23.076923
v 61.538460 0.000000 23.076925
v 69.230766 0.000000 23.076925
v 76.923073 0.000000 23.076925
v 84.615379 0.000000 23.076925
v 92.307686 2.766077 23.076927
v -92.307693 6.795596 30.769230
v -84.615387 6.795596 30.769230
v -76.923080 0.000000 30.769230
v -69.230774 0.220341 30.769230
v -61.538464 0.220341 30.769230
v -53.846157 0.000000 30.769230
v -46.153851 0.000000 30.769230
v -38.461540 0.000000 30.769230
v -30.769236 0.636430 30.769230
v -23.076927 0.636430 30.769230
v -15.384621 0.000000 30.769230
v -7.692312 0.000000 30.769230
v -0.000003 0.000000 30.769230
v 7.692305 0.000000 30.769230
v 15.384613 0.000000 30.769230
v 23.076921 0.000000 30.769230
v 30.769230 0.639716 30.769230
v 38.461536 0.639716 30.769230
v 46.153843 0.000000 30.769230
v 53.846149 0.374095 30.769230
v 61.538460 0.374095 30.769230
v 69.230766 0.000000 30.769230
v 76.923073 0.000000 30.769230
v 84.615379 3.813692 29.207621
v 92.307686 3.813692 29.207623
v -92.307693 4.598299 38.461536
v -84.615387 4.598299 38.461536
v -76.923080 0.000000 38.461536
v -69.230774 0.220341 38.461536
v -61.538464 0.220341 38.461536
v -53.846157 0.329599 38.461536
v -46.153851 0.329599 38.461536
v -38.461540 0.000000 38.461536
v -30.769236 0.636430 38.461536
v -23.076927 0.636430 38.461536
v -15.384621 0.000000 38.461536
v -7.692312 0.000000 38.461536
v -0.000003 0.428911 38.461536
v 7.692305 0.428911 38.461536
v 15.384613 0.000000 38.461536
v 23.076921 0.000000 38.461536
v 30.769230 0.000000 38.461536
v 38.461536 0.000000 38.461536
v 46.153843 0.683404 38.461536
v 53.846149 1.057499 38.461536
v 61.538460 0.374095 38.461536
v 69.230766 0.670623 38.461536
v 76.923073 0.670623 38.461536
v 84.615379 6.050132 36.899929
v 92.307686 6.050132 36.899929
v -92.307693 0.000000 46.153843
v -84.615387 0.000000 46.153843
v -76.923080 0.000000 46.153843
v -69.230774 0.000000 46.153843
v -61.538464 0.000000 46.153843
v -53.846157 0.329599 46.153843
v -46.153851 0.329599 46.153843
v -38.461540 0.000000 46.153843
v -30.769236 0.202848 46.153843
v -23.076927 0.202848 46.153843
v -15.384621 0.000000 46.153843
v -7.692312 0.000000 46.153843
v -0.000003 0.428911 46.153843
v 7.692305 0.428911 46.153843
v 15.384613 0.000000 46.153843
v 23.076921 0.000000 46.153843
v 30.769230 0.000000 46.153843
v 38.461536 0.000000 46.153843
v 46.153843 0.683404 46.153843
v 53.846149 0.683404 46.153843
v 61.538460 0.000000 46.153843
v 69.230766 0.670623 46.153843
v 76.923073 0.670623 46.153843
v 84.615379 2.236440 46.153847
v 92.307686 2.236440 46.153851
v -92.307693 0.000000 53.846149
v -84.615387 0.000000 53.846149
v -76.923080 0.000000 53.846149
v -69.230774 0.000000 53.846149
v -61.538464 0.000000 53.846149
v -53.846157 0.000000 53.846149
v -46.153851 0.000000 53.846149
v -38.461540 0.000000 53.846149
v -30.769236 0.202848 53.846149
v -23.076927 0.882786 53.846149
v -15.384621 0.679938 53.846149
v -7.692312 0.000000 53.846149
v -0.000003 0.000000 53.846149
v 7.692305 0.000000 53.846149
v 15.384613 0.000000 53.846149
v 23.076921 0.591468 53.846149
v 30.769230 0.591468 53.846149
v 38.461536 0.000000 53.846149
v 46.153843 0.000000 53.846149
v 53.846149 0.000000 53.846149
v 61.538460 0.000000 53.846149
v 69.230766 0.000000 53.846149
v 76.923073 0.000000 53.846149
v 84.615379 0.000000 53.846149
v 92.307686 0.000000 53.846157
v -92.307693 0.000000 61.538460
v -84.258492 0.643275 61.433380
v -76.566185 0.643275 61.433380
v -69.230774 0.000000 61.538460
v -61.538464 0.000000 61.538460
v -53.846157 0.333911 61.538460
v -46.153851 0.333911 61.538460
v -38.461540 0.000000 61.538460
v -30.769236 0.000000 61.538460
v -23.076927 0.679938 61.538460
v -15.384621 0.679938 61.538460
v -7.692312 0.000000 61.538460
v -0.000003 0.000000 61.538460
v 7.692305 0.000000 61.538460
v 15.384613 0.000000 61.538460
v 23.076921 0.591468 61.538460
v 30.769230 0.591468 61.538460
v 38.461536 2.109382 61.538460
v 46.153843 2.109382 61.538460
v 53.846149 0.000000 61.538460
v 61.538460 0.000000 61.538460
v 69.230766 0.000000 61.538460
v 76.923073 0.000000 61.538460
v 84.615379 0.867178 61.538460
v 92.307686 0.867178 61.538460
v -92.307693 3.538862 69.230766
v -84.258492 0.643275 69.125687
v -76.566185 0.643275 69.125687
v -69.230774 0.000000 69.230766
v -61.538464 0.000000 69.230766
v -53.846157 0.333911 69.230766
v -46.153851 0.333911 69.230766
v -38.461540 0.000000 69.230766
v -30.769236 0.000000 69.230766
v -23.076927 0.000000 69.230766
v -15.384621 0.000000 69.230766
v -7.692312 0.000000 69.230766
v -0.000003 0.000000 69.230766
v 7.692305 0.000000 69.230766
v 15.384613 0.000000 69.230766
v 23.076921 0.000000 69.230766
v 30.769230 0.000000 69.230766
v 38.461536 2.109382 69.230766
v 46.153843 2.109382 69.230766
v 53.846149 1.096197 69.230766
v 61.538460 1.096197 69.230766
v 69.230766 0.000000 69.230766
v 76.923073 0.370333 69.230766
v 84.615379 4.423684 69.230766
v 92.307686 4.053350 69.230774
v -92.307693 3.538862 76.923073
v -84.615387 0.000000 76.923073
v -76.923080 0.000000 76.923073
v -69.230774 0.000000 76.923073
v -61.538464 0.000000 76.923073
v -53.846157 0.000000 76.923073
v -46.153851 1.413757 76.923073
v -38.461540 1.413757 76.923073
v -30.769236 0.000000 76.923073
v -23.076927 0.000000 76.923073
v -15.384621 0.000000 76.923073
v -7.692312 0.000000 76.923073
v -0.000003 2.555216 76.923073
v 7.692305 2.555216 76.923073
v 15.384613 0.000000 76.923073
v 23.076921 0.000000 76.923073
v 30.769230 0.000000 76.923073
v 38.461536 0.000000 76.923073
v 46.153843 0.000000 76.923073
v 53.846149 1.096197 76.923073
v 61.538460 1.096197 76.923073
v 69.230766 0.000000 76.923073
v 76.923073 0.370333 76.923073
v 84.615379 3.556506 76.923073
v 92.307686 3.186173 76.923073
v -92.307693 0.000000 84.615379
v -84.615387 9.754341 84.615379
v -76.923080 9.754341 84.615379
v -69.230774 0.000000 84.615379
v -61.538464 1.750669 84.615379
v -53.846157 1.750669 84.615379
v -46.153851 1.413757 84.615379
v -38.461540 1.413757 84.615379
v -30.769236 0.000000 84.615379
v -23.076927 3.623889 84.615379
v -15.384621 3.623889 84.615379
v -7.692312 1.485627 84.615379
v -0.000003 4.040843 84.615379
v 7.692305 2.555216 84.615379
v 15.384613 0.000000 84.615379
v 23.076921 0.000000 84.615379
v 30.769230 0.000000 84.615379
v 38.461536 0.000000 84.615379
v 46.153843 0.000000 84.615379
v 53.846149 0.000000 84.615379
v 61.538460 0.000000 84.615379
v 69.230766 0.000000 84.615379
v 76.923073 0.000000 84.615379
v 84.615379 2.082724 84.615379
v 92.307686 2.082724 84.615387
v -92.307693 5.191637 92.307686
v -84.615387 9.754341 92.307686
v -76.923080 9.754341 92.307686
v -69.230774 1.426112 92.307686
v -61.538464 3.176782 92.307686
v -53.846157 1.750669 92.307686
v -46.153851 0.000000 92.307686
v -38.461540 0.589669 92.307686
v -30.769236 0.589669 92.307686
v -23.076927 3.623889 92.307686
v -15.384621 3.623889 92.307686
v -7.692312 1.952670 92.307686
v -0.000003 2.743917 92.307686
v 7.692305 2.930485 92.307686
v 15.384613 2.139238 92.307686
v 23.076921 0.000000 92.307686
v 30.769230 1.818336 92.307686
v 38.461536 1.818336 92.307686
v 46.153843 0.000000 92.307686
v 53.846149 0.000000 92.307686
v 61.538460 0.000000 92.307686
v 69.230766 0.000000 92.307686
v 76.923073 0.000000 92.307686
v 84.615379 2.082724 92.307686
v 92.307686 2.082724 92.307686
vn -0.0000 1.0000 -0.0000
vn -0.0000 0.9397 -0.3419
vn -0.0000 0.8724 0.4887
vn -0.0000 0.9945 0.1046
vn -0.2504 0.9681 -0.0000
vn -0.2429 0.9391 0.2429
vn -0.0000 0.9646 -0.2638
vn -0.0000 0.9646 0.2638
vn -0.1162 0.9864 -0.1162
vn -0.1170 0.9931 -0.0000
vn -0.0000 0.9804 -0.1971
vn -0.0000 0.9527 0.3038
vn -0.1719 0.9700 -0.1719
vn -0.1745 0.9847 -0.0000
vn -0.2732 0.9564 -0.1037
vn -0.6042 0.6839 -0.4088
vn -0.6474 0.7328 0.2093
vn -0.4565 0.7637 0.4565
vn -0.0000 0.9085 -0.4179
vn -0.0000 0.9085 0.4179
vn -0.0000 0.8289 -0.5594
vn 0.2613 0.9652 -0.0000
vn -0.2613 0.9652 -0.0000
vn -0.0000 0.9732 -0.2300
vn -0.2242 0.9484 -0.2242
vn 0.3048 0.9176 -0.2552
vn -0.0242 0.9985 -0.0487
vn -0.3113 0.9371 0.1580
vn 0.2674 0.9618 -0.0584
vn -0.3669 0.9302 -0.0000
vn -0.0000 0.9971 -0.0764
vn -0.0000 0.9943 0.1065
vn 0.2184 0.9598 0.1764
vn -0.2184 0.9595 -0.1779
vn 0.7801 0.6152 -0.1141
vn -0.5102 0.8601 -0.0000
vn -0.0000 0.9899 0.1420
vn -0.3768 0.9097 0.1743
vn -0.0480 0.9977 0.0480
vn -0.0000 0.9900 0.1411
vn -0.1397 0.9803 0.1397
vn 0.3152 0.9490 -0.0000
vn -0.3101 0.9335 -0.1803
vn -0.0000 0.9819 -0.1896
vn -0.0000 0.9046 -0.4262
vn -0.3921 0.8322 -0.3921
vn 0.1808 0.9835 -0.0000
vn 0.0438 0.9990 -0.0000
vn -0.0000 0.9751 -0.2219
vn -0.2166 0.9519 -0.2166
vn -0.0000 0.6192 -0.7852
vn -0.6176 0.4870 -0.6176
vn 0.3827 0.9239 -0.0000
vn 0.0478 0.9926 0.1119
vn -0.4639 0.8803 0.0992
vn -0.0481 0.9988 -0.0000
vn 0.1411 0.9900 -0.0000
vn -0.1411 0.9900 -0.0000
vn -0.0000 0.9644 0.2645
vn -0.2557 0.9323 0.2557
vn -0.0000 0.9490 -0.3152
vn -0.3007 0.9051 -0.3007
vn 0.0427 0.9826 -0.1806
vn -0.1791 0.9743 -0.1368
vn -0.0433 0.9981 0.0433
vn -0.0000 0.9966 0.0822
vn 0.4161 0.9045 0.0937
vn 0.1120 0.9937 -0.0000
vn -0.0000 0.9239 -0.3827
vn -0.4315 0.8188 -0.3786
vn -0.0480 0.9977 -0.0480
vn -0.0000 0.9900 -0.1411
vn 0.2620 0.9554 -0.1362
vn -0.1936 0.9811 -0.0000
vn -0.0000 0.9971 0.0767
vn -0.0764 0.9941 0.0764
vn -0.0000 0.9961 0.0880
vn -0.0877 0.9923 0.0877
vn 0.0434 0.9991 -0.0000
vn -0.0434 0.9991 -0.0000
vn 0.0874 0.9962 -0.0000
vn 0.3385 0.9410 -0.0000
vn -0.0000 0.9937 -0.1120
vn -0.1113 0.9875 -0.1113
vn -0.0000 0.9644 -0.2645
vn -0.1869 0.9474 -0.2598
vn -0.0767 0.9971 -0.0000
vn 0.0880 0.9961 -0.0000
vn -0.0880 0.9958 0.0263
vn -0.0264 0.9993 0.0264
vn -0.0000 0.9991 -0.0434
vn -0.0433 0.9981 -0.0433
vn -0.0000 0.9964 -0.0845
vn -0.0804 0.9935 -0.0804
vn -0.0000 0.9602 0.2792
vn -0.1918 0.9424 0.2740
vn -0.0000 0.9962 0.0869
vn -0.0865 0.9925 0.0865
vn -0.0000 0.9961 0.0885
vn -0.0881 0.9922 0.0881
vn -0.0000 0.9971 -0.0767
vn -0.0764 0.9941 -0.0764
vn -0.0000 0.9984 0.0557
vn -0.0556 0.9969 0.0556
vn 0.0263 0.9958 -0.0880
vn -0.0877 0.9923 -0.0877
vn -0.0264 0.9997 -0.0000
vn -0.0000 0.9991 0.0428
vn -0.0428 0.9982 0.0428
vn 0.2792 0.9602 -0.0000
vn -0.0000 0.9246 0.3810
vn -0.4947 0.8035 0.3311
vn -0.0385 0.9993 -0.0000
vn 0.0884 0.9949 0.0484
vn -0.0485 0.9976 0.0485
vn -0.0885 0.9961 -0.0000
vn 0.0557 0.9984 -0.0000
vn -0.0557 0.9984 -0.0000
vn 0.0264 0.9997 -0.0000
vn -0.0000 0.9984 0.0563
vn -0.0823 0.9950 0.0561
vn 0.0428 0.9991 -0.0000
vn -0.0142 0.9999 -0.0000
vn -0.0000 0.9996 0.0286
vn -0.0286 0.9992 0.0286
vn -0.0000 0.8583 0.5131
vn 0.4442 0.8959 -0.0000
vn -0.0000 0.9602 -0.2792
vn -0.5887 0.7762 -0.2257
vn -0.0000 0.9962 -0.0869
vn -0.0384 0.9955 -0.0868
vn -0.0484 0.9949 -0.0884
vn -0.0881 0.9922 -0.0881
vn -0.0000 0.9966 0.0829
vn -0.0826 0.9932 0.0826
vn -0.0000 0.9984 -0.0557
vn -0.0556 0.9969 -0.0556
vn 0.0825 0.9966 -0.0000
vn -0.0825 0.9966 -0.0000
vn -0.0000 0.9991 -0.0428
vn -0.0142 0.9990 -0.0428
vn -0.0286 0.9996 -0.0000
vn 0.5131 0.8583 -0.0000
vn -0.0000 0.9615 0.2747
vn 0.3697 0.8744 0.3144
vn -0.0000 0.9857 -0.1684
vn -0.4671 0.7508 -0.4671
vn -0.0000 0.9988 -0.0486
vn -0.0485 0.9976 -0.0485
vn 0.0829 0.9966 -0.0000
vn -0.0829 0.9966 -0.0000
vn -0.0000 0.9994 0.0351
vn -0.0351 0.9988 0.0351
vn -0.0000 0.9966 -0.0825
vn -0.0822 0.9932 -0.0822
vn 0.0286 0.9996 -0.0000
vn -0.0000 1.0000 0.0067
vn -0.0348 0.9994 0.0062
vn 0.2747 0.9615 -0.0000
vn -0.0000 0.8583 -0.5131
vn -0.3011 0.8374 0.4563
vn -0.4316 0.7921 0.4316
vn -0.0000 0.9711 0.2385
vn -0.1900 0.9534 0.2342
vn -0.0000 0.9989 0.0462
vn 0.0828 0.9955 0.0461
vn -0.0000 0.9966 -0.0829
vn -0.0826 0.9932 -0.0826
vn -0.0000 0.9942 0.1079
vn -0.1073 0.9884 0.1073
vn 0.0351 0.9994 -0.0000
vn -0.0351 0.9994 -0.0000
vn -0.0000 0.9926 0.1217
vn 0.0346 0.9920 0.1217
vn -0.0348 0.9994 -0.0000
vn 0.1745 0.9847 -0.0000
vn -0.0000 0.9942 -0.1078
vn 0.4770 0.8755 -0.0776
vn -0.3372 0.9378 -0.0831
vn -0.4785 0.8781 -0.0000
vn 0.2385 0.9711 -0.0000
vn -0.1955 0.9807 -0.0000
vn -0.0462 0.9989 -0.0000
vn 0.1079 0.9942 -0.0000
vn -0.1079 0.9942 -0.0000
vn -0.0000 0.9994 -0.0351
vn -0.0351 0.9988 -0.0351
vn -0.0000 0.9997 0.0231
vn -0.0231 0.9995 0.0231
vn 0.1217 0.9926 -0.0000
vn -0.0665 0.9978 -0.0000
vn -0.0000 0.9998 0.0208
vn -0.0559 0.9982 0.0215
vn -0.2315 0.8543 -0.4655
vn -0.4316 0.7921 -0.4316
vn -0.0000 0.9711 -0.2385
vn -0.1900 0.9534 -0.2342
vn -0.0000 0.9989 -0.0462
vn -0.0462 0.9979 -0.0462
vn -0.0000 0.9988 0.0489
vn 0.1078 0.9930 0.0486
vn -0.0000 0.9942 -0.1079
vn -0.1073 0.9884 -0.1073
vn 0.0231 0.9997 -0.0000
vn -0.0231 0.9997 -0.0000
vn -0.0000 0.9926 -0.1217
vn -0.0660 0.9904 -0.1215
vn -0.0559 0.9984 -0.0000
vn 0.1644 0.9276 0.3354
vn -0.0000 0.9834 0.1813
vn 0.1771 0.9499 -0.2574
vn -0.2607 0.9620 -0.0813
vn -0.1472 0.9723 0.1813
vn -0.0000 0.9994 0.0350
vn -0.0819 0.9933 0.0819
vn 0.0489 0.9988 -0.0000
vn -0.0489 0.9988 -0.0000
vn -0.0000 0.9971 0.0756
vn -0.0754 0.9943 0.0754
vn -0.0000 0.9997 -0.0231
vn -0.0231 0.9995 -0.0231
vn -0.0000 0.9996 0.0273
vn 0.0558 0.9981 0.0273
vn -0.0000 0.9984 -0.0559
vn 0.3395 0.9391 -0.0525
vn -0.0426 0.9991 -0.0000
vn 0.1833 0.9831 -0.0000
vn -0.0000 0.9819 0.1896
vn -0.3204 0.9301 0.1796
vn 0.0474 0.9989 -0.0000
vn -0.0822 0.9966 -0.0000
vn -0.0000 0.9988 -0.0489
vn 0.0755 0.9959 -0.0488
vn -0.0756 0.9971 -0.0000
vn -0.0000 0.9982 0.0606
vn -0.0605 0.9963 0.0605
vn -0.0000 0.9998 0.0216
vn -0.0216 0.9995 0.0216
vn 0.0273 0.9996 -0.0000
vn -0.0273 0.9996 -0.0000
vn -0.0000 0.9404 -0.3400
vn -0.0401 0.9397 -0.3397
vn 0.1896 0.9819 -0.0000
vn -0.0000 0.9831 -0.1833
vn -0.3208 0.9311 -0.1736
vn -0.0000 0.9994 -0.0350
vn -0.0000 0.9966 -0.0822
vn -0.0819 0.9933 -0.0819
vn -0.0000 0.9971 -0.0756
vn -0.0754 0.9943 -0.0754
vn 0.0606 0.9982 -0.0000
vn -0.0606 0.9982 -0.0000
vn 0.0216 0.9998 -0.0000
vn -0.0216 0.9998 -0.0000
vn -0.0000 0.9976 0.0694
vn -0.0962 0.9930 0.0690
vn 0.3019 0.9468 0.1116
vn -0.1862 0.9647 -0.1862
vn -0.0000 0.9941 0.1086
vn 0.0602 0.9923 0.1084
vn -0.0000 0.9982 -0.0606
vn -0.0605 0.9963 -0.0605
vn -0.0000 0.9998 -0.0216
vn -0.0216 0.9995 -0.0216
vn 0.0964 0.9953 -0.0000
vn -0.0964 0.9953 -0.0000
vn 0.1170 0.9931 -0.0000
vn -0.0000 0.9895 0.1443
vn -0.1428 0.9794 0.1428
vn 0.1086 0.9941 -0.0000
vn -0.0430 0.9991 -0.0000
vn -0.0000 0.9978 0.0661
vn -0.0660 0.9956 0.0660
vn -0.0000 0.9953 -0.0964
vn -0.0960 0.9907 -0.0960
vn -0.0000 0.9931 -0.1170
vn -0.0000 0.9950 0.1002
vn -0.0568 0.9934 0.1000
vn -0.0000 0.9991 0.0435
vn -0.0435 0.9981 0.0435
vn 0.1443 0.9895 -0.0000
vn -0.1443 0.9895 -0.0000
vn -0.0000 0.9978 -0.0669
vn 0.0668 0.9955 -0.0668
vn -0.0000 0.9941 -0.1086
vn -0.0427 0.9932 -0.1085
vn -0.0661 0.9978 -0.0000
vn -0.0000 0.9954 0.0957
vn -0.0953 0.9909 0.0953
vn -0.0571 0.9984 -0.0000
vn -0.0433 0.9949 -0.0914
vn 0.0911 0.9917 -0.0911
vn -0.0000 0.9895 -0.1443
vn -0.1428 0.9794 -0.1428
vn -0.0669 0.9978 -0.0000
vn 0.0668 0.9955 -0.0667
vn 0.0667 0.9955 -0.0667
vn 0.0661 0.9978 -0.0000
vn -0.0000 0.9944 -0.1055
vn 0.1340 0.9855 -0.1045
vn -0.0957 0.9954 -0.0000
vn -0.0000 0.9982 0.0596
vn -0.0595 0.9965 0.0595
vn 0.2638 0.9646 -0.0000
vn -0.0000 0.9283 0.3718
vn -0.4218 0.8417 0.3371
vn -0.0914 0.9949 -0.0433
vn -0.0435 0.9981 -0.0435
vn 0.0915 0.9958 -0.0000
vn -0.0667 0.9955 0.0668
vn 0.0668 0.9955 0.0668
vn 0.0669 0.9978 -0.0000
vn -0.0398 0.9992 -0.0000
vn 0.0398 0.9992 -0.0000
vn -0.0000 0.9954 -0.0957
vn -0.0000 0.9980 0.0634
vn -0.1558 0.9754 0.1558
vn 0.0596 0.9982 -0.0000
vn -0.0581 0.9733 0.2221
vn -0.2172 0.9517 0.2172
vn -0.4472 0.8922 0.0632
vn -0.0704 0.9950 0.0704
vn -0.0000 0.9958 0.0915
vn 0.0911 0.9917 0.0911
vn -0.0000 0.9997 0.0243
vn -0.0230 0.9475 0.3189
vn -0.2857 0.9147 0.2857
vn -0.0000 0.9978 0.0669
vn 0.0667 0.9955 0.0667
vn -0.0000 0.9992 0.0398
vn 0.0397 0.9984 0.0397
vn 0.1577 0.9875 -0.0000
vn -0.1577 0.9875 -0.0000
vn 0.0543 0.9094 0.4125
vn 0.2077 0.9101 0.3585
vn -0.0595 0.9965 -0.0595
vn -0.2225 0.9749 -0.0000
vn -0.0000 0.9681 0.2504
vn 0.0632 0.8922 -0.4472
vn -0.4089 0.8159 -0.4089
vn -0.0687 0.9701 0.2330
vn -0.2274 0.9469 0.2274
vn 0.0243 0.9997 -0.0000
vn 0.2981 0.9545 -0.0000
vn -0.0243 0.9997 -0.0000
vn -0.2973 0.9517 0.0769
vn -0.0803 0.9935 0.0803
vn -0.0000 0.9942 0.1074
vn -0.0349 0.9936 0.1073
vn -0.0000 0.9974 0.0727
vn -0.0725 0.9947 0.0725
vn -0.0000 0.9875 -0.1577
vn -0.1558 0.9754 -0.1558
vn 0.4131 0.9107 -0.0000
vn -0.4082 0.9000 0.1531
vn -0.0000 0.9983 -0.0580
vn 0.2445 0.9453 -0.2157
vn 0.0653 0.9226 0.3801
vn 0.2210 0.9204 0.3224
vn -0.0000 0.9584 0.2855
vn -0.4960 0.8147 0.3004
vn -0.0000 0.9997 -0.0243
vn 0.0764 0.9450 -0.3181
vn -0.2857 0.9147 -0.2857
vn -0.0806 0.9968 -0.0000
vn 0.1074 0.9942 -0.0000
vn -0.0000 0.9657 0.2597
vn -0.2817 0.9266 0.2491
vn -0.0568 0.7794 0.6240
vn -0.2472 0.7564 0.6056
vn -0.0000 0.9040 0.4276
vn -0.3932 0.8311 0.3932
vn -0.0000 0.9563 0.2923
vn 0.3980 0.8773 0.2681
vn 0.1531 0.9000 -0.4082
vn -0.3818 0.8417 -0.3818
vn 0.1125 0.9181 0.3800
vn 0.2067 0.7991 0.5645
vn -0.0000 0.9994 0.0339
vn 0.1344 0.9909 -0.0000
vn -0.0000 0.9887 0.1497
vn -0.6008 0.7904 0.1197
vn -0.0000 0.9590 0.2834
vn 0.0773 0.9561 0.2825
vn -0.0000 0.9968 -0.0806
vn -0.0000 0.9825 0.1865
vn 0.3418 0.9068 0.2467
vn -0.0000 0.9942 -0.1074
vn -0.2893 0.9517 -0.1028
vn 0.6402 0.7662 -0.0559
vn -0.0727 0.9966 -0.0379
vn -0.3414 0.9393 0.0328
vn -0.4158 0.8798 0.2304
vn 0.2835 0.9277 0.2430
vn -0.2902 0.9496 0.1187
vn 0.1664 0.9784 0.1223
vn 0.3778 0.9128 -0.1552
vn 0.2772 0.9472 -0.1611
vn -0.3824 0.9240 -0.0000
vn 0.0711 0.9975 -0.0000
vn -0.0000 0.8741 -0.4858
vn 0.3238 0.8270 -0.4596
vn -0.0000 0.9383 -0.3459
vn -0.5807 0.7639 -0.2816
vn 0.2834 0.9590 -0.0000
vn -0.2834 0.9590 -0.0000
vn 0.2583 0.9661 -0.0000
vn 0.0015 1.0000 -0.0000
vn -0.0000 0.9657 -0.2597
vn -0.2513 0.9347 -0.2513
vn 0.0349 0.9994 -0.0000
vn -0.0000 0.7806 -0.6250
vn -0.2743 0.7507 -0.6010
vn 0.2306 0.8803 -0.4146
vn -0.3920 0.8323 -0.3920
vn 0.0437 0.9990 -0.0000
vn 0.1187 0.9496 -0.2902
vn -0.2805 0.9179 -0.2805
vn -0.1240 0.9923 -0.0000
vn -0.0000 0.9240 -0.3824
vn -0.3202 0.7737 -0.5466
vn 0.4735 0.8453 -0.2473
vn -0.0000 0.9652 0.2613
vn -0.2529 0.9339 0.2529
vn 0.2300 0.9732 -0.0000
vn -0.2300 0.9732 -0.0000
vn 0.2679 0.9634 -0.0000
vn 0.1023 0.9948 -0.0000
vn -0.0242 0.9997 -0.0000
vn -0.1005 0.9769 0.1887
vn -0.0595 0.9801 0.1893
vn -0.0000 0.9046 0.4262
vn 0.0692 0.9025 0.4252
vn -0.0764 0.9971 -0.0000
vn 0.1779 0.9595 0.2184
vn -0.2166 0.9519 0.2166
vn -0.1823 0.9832 -0.0000
vn -0.0000 0.6192 0.7852
vn 0.3856 0.5713 0.7245
vn -0.2362 0.9131 0.3323
vn -0.1116 0.9468 -0.3019
vn -0.2747 0.9615 -0.0000
vn -0.5131 0.8583 -0.0000
vn 0.2242 0.9484 -0.2242
vn 0.2588 0.9306 -0.2588
vn 0.1022 0.9936 -0.0485
vn 0.1871 0.9687 0.1633
vn -0.1021 0.9929 -0.0603
vn 0.2123 0.9772 -0.0000
vn -0.4252 0.9025 -0.0692
vn 0.1798 0.9781 0.1048
vn -0.0752 0.9807 0.1802
vn 0.1793 0.9673 -0.1793
vn 0.7346 0.6785 -0.0000
vn -0.7245 0.5713 -0.3856
vn 0.3794 0.9159 0.1314
vn 0.0472 0.9810 0.1880
vn -0.2611 0.9642 0.0464
vn 0.1397 0.9803 0.1397
vn 0.1863 0.9647 -0.1863
vn 0.2439 0.8773 -0.4133
vn -0.1764 0.9598 -0.2184
vn 0.6176 0.4870 -0.6176
vn 0.3856 0.8382 0.3856
vn 0.4639 0.8803 0.0992
vn -0.3827 0.9239 -0.0000
vn 0.1260 0.9567 0.2623
vn 0.3007 0.9051 -0.3007
vn 0.1779 0.9678 -0.1779
vn -0.0000 0.9903 -0.1390
vn -0.0000 0.9991 0.0434
vn 0.0858 0.9926 0.0858
vn 0.4377 0.8307 -0.3441
vn 0.0437 0.9068 -0.4193
vn -0.1119 0.9926 -0.0478
vn 0.1397 0.9803 -0.1397
vn 0.1306 0.9914 -0.0000
vn -0.2637 0.9618 0.0740
vn 0.0877 0.9923 0.0877
vn -0.0778 0.9057 -0.4167
vn 0.1113 0.9875 -0.1113
vn 0.2557 0.9323 -0.2557
vn 0.0767 0.9971 -0.0000
vn 0.0264 0.9993 0.0264
vn 0.0433 0.9981 -0.0433
vn 0.0883 0.9922 -0.0883
vn 0.2689 0.9249 0.2689
vn 0.0881 0.9922 0.0881
vn 0.0764 0.9941 -0.0764
vn 0.0556 0.9969 0.0556
vn 0.0877 0.9923 -0.0877
vn 0.0428 0.9982 0.0428
vn 0.5449 0.7753 0.3195
vn -0.1995 0.9799 -0.0000
vn -0.0867 0.9951 0.0484
vn 0.0823 0.9950 0.0561
vn -0.0428 0.9987 0.0286
vn 0.4565 0.7637 0.4565
vn 0.6303 0.7455 -0.2167
vn -0.4554 0.8869 -0.0773
vn 0.0486 0.9988 -0.0000
vn 0.0881 0.9922 -0.0881
vn 0.0826 0.9932 0.0826
vn 0.0556 0.9969 -0.0556
vn 0.0428 0.9982 -0.0428
vn 0.6474 0.7328 0.2093
vn -0.2920 0.8121 -0.5052
vn 0.0485 0.9976 -0.0485
vn 0.0351 0.9988 0.0351
vn 0.0822 0.9932 -0.0822
vn 0.0358 0.9993 0.0072
vn 0.6042 0.6839 -0.4088
vn 0.4316 0.7921 0.4316
vn 0.2320 0.9446 0.2320
vn -0.0461 0.9955 -0.0828
vn 0.1073 0.9884 0.1073
vn 0.1208 0.9853 0.1208
vn -0.0882 0.9961 -0.0000
vn 0.2732 0.9564 -0.1037
vn -0.2615 0.9652 -0.0000
vn 0.0351 0.9988 -0.0351
vn 0.0231 0.9995 0.0231
vn -0.0884 0.9958 0.0220
vn 0.4316 0.7921 -0.4316
vn 0.2320 0.9446 -0.2320
vn 0.0489 0.9976 0.0489
vn -0.0486 0.9930 -0.1078
vn 0.1208 0.9853 -0.1208
vn 0.0559 0.9984 -0.0000
vn 0.2762 0.9038 0.3268
vn -0.3354 0.9276 -0.1644
vn -0.0000 0.9964 -0.0842
vn -0.0000 0.9831 0.1833
vn 0.0472 0.9955 0.0821
vn 0.0268 0.9968 0.0756
vn 0.0231 0.9995 -0.0231
vn 0.0273 0.9993 0.0273
vn -0.0273 0.9981 -0.0558
vn 0.2923 0.9563 -0.0000
vn -0.3257 0.9008 0.2873
vn 0.3492 0.9201 0.1776
vn -0.1497 0.9887 -0.0000
vn 0.0489 0.9976 -0.0489
vn 0.0269 0.9996 -0.0000
vn 0.0605 0.9963 0.0605
vn 0.0216 0.9995 0.0216
vn 0.3219 0.8904 -0.3219
vn 0.3038 0.9527 -0.0000
vn 0.3496 0.9210 -0.1717
vn -0.1894 0.9813 -0.0344
vn 0.0472 0.9955 -0.0821
vn 0.0754 0.9943 -0.0754
vn 0.0962 0.9930 0.0690
vn 0.1162 0.9864 0.1162
vn 0.1862 0.9647 -0.1862
vn 0.1080 0.9883 0.1080
vn -0.1084 0.9923 -0.0602
vn 0.0216 0.9995 -0.0216
vn 0.1428 0.9794 0.1428
vn -0.1084 0.9919 0.0657
vn 0.0960 0.9907 -0.0960
vn 0.1162 0.9864 -0.1162
vn -0.0668 0.9955 -0.0668
vn 0.1080 0.9883 -0.1080
vn 0.0298 0.9950 0.0957
vn 0.2551 0.9327 0.2551
vn -0.0911 0.9917 -0.0911
vn 0.1428 0.9794 -0.1428
vn -0.0667 0.9955 -0.0667
vn -0.0396 0.9936 -0.1054
vn 0.0299 0.9996 -0.0000
vn 0.0595 0.9965 0.0595
vn -0.0570 0.9974 -0.0434
vn -0.0668 0.9955 0.0668
vn 0.1341 0.9864 -0.0949
vn 0.1574 0.9856 0.0626
vn -0.0946 0.9831 0.1570
vn 0.2172 0.9517 0.2172
vn 0.2551 0.9327 -0.2551
vn 0.0704 0.9950 0.0704
vn -0.0911 0.9917 0.0911
vn 0.0243 0.9994 0.0243
vn 0.2838 0.9088 0.3059
vn -0.0000 0.9545 0.2981
vn -0.0667 0.9955 0.0667
vn -0.0397 0.9984 0.0397
vn 0.3818 0.8417 0.3818
vn -0.0000 0.9304 0.3665
vn -0.2195 0.9739 -0.0582
vn 0.0295 0.9677 0.2503
vn 0.2274 0.9469 0.2274
vn 0.0563 0.9952 0.0804
vn 0.1068 0.9885 0.1068
vn 0.1558 0.9754 -0.1558
vn 0.1654 0.9723 0.1654
vn -0.2195 0.9740 -0.0566
vn -0.1636 0.9618 -0.2195
vn 0.0305 0.9995 -0.0000
vn -0.0000 0.9438 0.3306
vn 0.1699 0.9444 0.2813
vn -0.0663 0.9362 0.3451
vn -0.2335 0.9724 -0.0000
vn 0.0243 0.9994 -0.0243
vn 0.2838 0.9088 -0.3059
vn 0.0539 0.9531 -0.2977
vn 0.3420 0.9075 0.2440
vn 0.5300 0.6620 0.5300
vn 0.2805 0.9179 0.2805
vn -0.2681 0.8773 -0.3980
vn 0.3572 0.8630 0.3572
vn -0.1376 0.8090 0.5715
vn -0.3822 0.9235 0.0313
vn 0.0707 0.9920 0.1043
vn 0.2926 0.9454 0.1431
vn -0.5200 0.8542 -0.0000
vn 0.2726 0.9227 0.2726
vn -0.2825 0.9561 -0.0773
vn 0.2570 0.9495 0.1802
vn -0.0777 0.9620 0.2617
vn 0.0033 0.9942 -0.1074
vn -0.2590 0.9633 -0.0703
vn 0.6247 0.7803 -0.0297
vn -0.0000 0.9994 0.0349
vn -0.3122 0.9500 -0.0000
vn 0.2456 0.9377 0.2456
vn 0.1231 0.9847 0.1231
vn -0.1223 0.9784 -0.1664
vn 0.1216 0.9926 -0.0000
vn 0.4825 0.7642 0.4281
vn 0.2129 0.9168 -0.3380
vn -0.3646 0.9312 -0.0000
vn -0.2460 0.9360 -0.2517
vn 0.5463 0.6538 -0.5235
vn -0.0316 0.9042 -0.4258
vn -0.2430 0.9277 -0.2835
vn 0.3572 0.8630 -0.3572
vn 0.2324 0.7944 -0.5612
vn -0.0000 0.9598 -0.2808
vn 0.5103 0.8082 -0.2941
vn 0.2529 0.9339 0.2529
vn -0.2087 0.9602 0.1855
vn 0.1929 0.8877 0.4182
vn 0.2166 0.9519 0.2166
vn 0.5569 0.5143 0.6522
vt 1.000000 0.961538
vt 0.961538 1.000000
vt 0.961538 0.961538
vt 1.000000 0.000000
vt 0.961538 0.038462
vt 0.961538 0.000000
vt 1.000000 0.038462
vt 0.961538 0.076923
vt 1.000000 0.076923
vt 0.961538 0.115385
vt 1.000000 0.115385
vt 0.961538 0.153846
vt 1.000000 0.153846
vt 0.961538 0.192308
vt 1.000000 0.192308
vt 0.961538 0.230769
vt 1.000000 0.230769
vt 0.961538 0.269231
vt 1.000000 0.269231
vt 0.961538 0.307692
vt 1.000000 0.346154
vt 0.961538 0.346154
vt 0.961538 0.384615
vt 1.000000 0.423077
vt 0.961538 0.423077
vt 0.961538 0.461538
vt 1.000000 0.461538
vt 0.961538 0.500000
vt 1.000000 0.538462
vt 0.961538 0.538462
vt 0.961538 0.576923
vt 1.000000 0.615385
vt 0.961538 0.615385
vt 1.000000 0.653846
vt 0.961538 0.653846
vt 0.961538 0.692308
vt 1.000000 0.692308
vt 0.961538 0.730769
vt 1.000000 0.730769
vt 0.961538 0.769231
vt 1.000000 0.769231
vt 0.961538 0.807692
vt 1.000000 0.807692
vt 0.961538 0.846154
vt 1.000000 0.846154
vt 0.961538 0.884615
vt 1.000000 0.884615
vt 0.961538 0.923077
vt 1.000000 0.923077
vt 0.038462 0.923077
vt 0.000000 0.961538
vt 0.000000 0.923077
vt 0.076923 0.961538
vt 0.038462 0.961538
vt 0.115385 0.923077
vt 0.076923 0.923077
vt 0.153846 0.923077
vt 0.115385 0.961538
vt 0.192308 0.923077
vt 0.153846 0.961538
vt 0.230769 0.923077
vt 0.192308 0.961538
vt 0.269231 0.923077
vt 0.230769 0.961538
vt 0.307692 0.923077
vt 0.269231 0.961538
vt 0.346154 0.923077
vt 0.307692 0.961538
vt 0.384615 0.961538
vt 0.346154 0.961538
vt 0.423077 0.923077
vt 0.384615 0.923077
vt 0.461538 0.923077
vt 0.423077 0.961538
vt 0.500000 0.961538
vt 0.461538 0.961538
vt 0.538462 0.923077
vt 0.500000 0.923077
vt 0.576923 0.923077
vt 0.538462 0.961538
vt 0.615385 0.923077
vt 0.576923 0.961538
vt 0.653846 0.961538
vt 0.615385 0.961538
vt 0.653846 0.923077
vt 0.692308 0.961538
vt 0.730769 0.923077
vt 0.692308 0.923077
vt 0.769231 0.961538
vt 0.730769 0.961538
vt 0.807692 0.923077
vt 0.769231 0.923077
vt 0.846154 0.961538
vt 0.807692 0.961538
vt 0.884615 0.923077
vt 0.846154 0.923077
vt 0.923077 0.923077
vt 0.884615 0.961538
vt 0.923077 0.961538
vt 0.000000 0.884615
vt 0.038462 0.884615
vt 0.115385 0.884615
vt 0.076923 0.884615
vt 0.153846 0.884615
vt 0.230769 0.884615
vt 0.192308 0.884615
vt 0.269231 0.884615
vt 0.307692 0.884615
vt 0.346154 0.884615
vt 0.384615 0.884615
vt 0.423077 0.884615
vt 0.461538 0.884615
vt 0.500000 0.884615
vt 0.576923 0.884615
vt 0.538462 0.884615
vt 0.615385 0.884615
vt 0.692308 0.884615
vt 0.653846 0.884615
vt 0.730769 0.884615
vt 0.807692 0.884615
vt 0.769231 0.884615
vt 0.884615 0.884615
vt 0.846154 0.884615
vt 0.923077 0.884615
vt 0.000000 0.846154
vt 0.038462 0.846154
vt 0.115385 0.846154
vt 0.076923 0.846154
vt 0.153846 0.846154
vt 0.192308 0.846154
vt 0.230769 0.846154
vt 0.307692 0.846154
vt 0.269231 0.846154
vt 0.346154 0.846154
vt 0.384615 0.846154
vt 0.423077 0.846154
vt 0.461538 0.846154
vt 0.500000 0.846154
vt 0.576923 0.846154
vt 0.538462 0.846154
vt 0.615385 0.846154
vt 0.653846 0.846154
vt 0.692308 0.846154
vt 0.730769 0.846154
vt 0.807692 0.846154
vt 0.769231 0.846154
vt 0.846154 0.846154
vt 0.923077 0.846154
vt 0.884615 0.846154
vt 0.038462 0.807692
vt 0.000000 0.807692
vt 0.076923 0.807692
vt 0.115385 0.807692
vt 0.192308 0.807692
vt 0.153846 0.807692
vt 0.230769 0.807692
vt 0.269231 0.807692
vt 0.307692 0.807692
vt 0.346154 0.807692
vt 0.384615 0.807692
vt 0.423077 0.807692
vt 0.461538 0.807692
vt 0.500000 0.807692
vt 0.538462 0.807692
vt 0.615385 0.807692
vt 0.576923 0.807692
vt 0.653846 0.807692
vt 0.692308 0.807692
vt 0.730769 0.807692
vt 0.769231 0.807692
vt 0.807692 0.807692
vt 0.846154 0.807692
vt 0.923077 0.807692
vt 0.884615 0.807692
vt 0.038462 0.769231
vt 0.000000 0.769231
vt 0.076923 0.769231
vt 0.153846 0.769231
vt 0.115385 0.769231
vt 0.192308 0.769231
vt 0.230769 0.769231
vt 0.269231 0.769231
vt 0.307692 0.769231
vt 0.384615 0.769231
vt 0.346154 0.769231
vt 0.423077 0.769231
vt 0.461538 0.769231
vt 0.500000 0.769231
vt 0.538462 0.769231
vt 0.576923 0.769231
vt 0.653846 0.769231
vt 0.615385 0.769231
vt 0.692308 0.769231
vt 0.730769 0.769231
vt 0.769231 0.769231
vt 0.846154 0.769231
vt 0.807692 0.769231
vt 0.884615 0.769231
vt 0.923077 0.769231
vt 0.000000 0.730769
vt 0.076923 0.730769
vt 0.038462 0.730769
vt 0.115385 0.730769
vt 0.153846 0.730769
vt 0.192308 0.730769
vt 0.269231 0.730769
vt 0.230769 0.730769
vt 0.307692 0.730769
vt 0.346154 0.730769
vt 0.384615 0.730769
vt 0.423077 0.730769
vt 0.500000 0.730769
vt 0.461538 0.730769
vt 0.538462 0.730769
vt 0.576923 0.730769
vt 0.615385 0.730769
vt 0.692308 0.730769
vt 0.653846 0.730769
vt 0.769231 0.730769
vt 0.730769 0.730769
vt 0.807692 0.730769
vt 0.846154 0.730769
vt 0.884615 0.730769
vt 0.923077 0.730769
vt 0.000000 0.692308
vt 0.076923 0.692308
vt 0.038462 0.692308
vt 0.115385 0.692308
vt 0.153846 0.692308
vt 0.192308 0.692308
vt 0.269231 0.692308
vt 0.230769 0.692308
vt 0.307692 0.692308
vt 0.346154 0.692308
vt 0.384615 0.692308
vt 0.423077 0.692308
vt 0.461538 0.692308
vt 0.500000 0.692308
vt 0.538462 0.692308
vt 0.576923 0.692308
vt 0.653846 0.692308
vt 0.615385 0.692308
vt 0.692308 0.692308
vt 0.730769 0.692308
vt 0.769231 0.692308
vt 0.807692 0.692308
vt 0.846154 0.692308
vt 0.884615 0.692308
vt 0.923077 0.692308
vt 0.038462 0.653846
vt 0.000000 0.653846
vt 0.076923 0.653846
vt 0.153846 0.653846
vt 0.115385 0.653846
vt 0.230769 0.653846
vt 0.192308 0.653846
vt 0.269231 0.653846
vt 0.346154 0.653846
vt 0.307692 0.653846
vt 0.384615 0.653846
vt 0.423077 0.653846
vt 0.461538 0.653846
vt 0.500000 0.653846
vt 0.576923 0.653846
vt 0.538462 0.653846
vt 0.615385 0.653846
vt 0.653846 0.653846
vt 0.692308 0.653846
vt 0.730769 0.653846
vt 0.769231 0.653846
vt 0.846154 0.653846
vt 0.807692 0.653846
vt 0.884615 0.653846
vt 0.923077 0.653846
vt 0.000000 0.615385
vt 0.038462 0.615385
vt 0.076923 0.615385
vt 0.153846 0.615385
vt 0.115385 0.615385
vt 0.192308 0.615385
vt 0.230769 0.615385
vt 0.307692 0.615385
vt 0.269231 0.615385
vt 0.346154 0.615385
vt 0.384615 0.615385
vt 0.423077 0.615385
vt 0.461538 0.615385
vt 0.538462 0.615385
vt 0.500000 0.615385
vt 0.576923 0.615385
vt 0.615385 0.615385
vt 0.653846 0.615385
vt 0.730769 0.615385
vt 0.692308 0.615385
vt 0.769231 0.615385
vt 0.846154 0.615385
vt 0.807692 0.615385
vt 0.884615 0.615385
vt 0.923077 0.615385
vt 0.000000 0.576923
vt 0.076923 0.576923
vt 0.038462 0.576923
vt 0.115385 0.576923
vt 0.192308 0.576923
vt 0.153846 0.576923
vt 0.230769 0.576923
vt 0.269231 0.576923
vt 0.346154 0.576923
vt 0.307692 0.576923
vt 0.423077 0.576923
vt 0.384615 0.576923
vt 0.461538 0.576923
vt 0.500000 0.576923
vt 0.538461 0.576923
vt 0.576923 0.576923
vt 0.615384 0.576923
vt 0.653846 0.576923
vt 0.692308 0.576923
vt 0.769231 0.576923
vt 0.730769 0.576923
vt 0.846154 0.576923
vt 0.807692 0.576923
vt 0.884615 0.576923
vt 0.923077 0.576923
vt 0.038462 0.538462
vt 0.000000 0.538462
vt 0.115385 0.538462
vt 0.076923 0.538462
vt 0.153846 0.538462
vt 0.192308 0.538462
vt 0.230769 0.538462
vt 0.307692 0.538462
vt 0.269231 0.538462
vt 0.346154 0.538462
vt 0.384615 0.538462
vt 0.461538 0.538462
vt 0.423077 0.538462
vt 0.500000 0.538462
vt 0.538461 0.538462
vt 0.576923 0.538462
vt 0.653846 0.538462
vt 0.615385 0.538462
vt 0.692308 0.538462
vt 0.730769 0.538462
vt 0.769231 0.538462
vt 0.807692 0.538462
vt 0.884615 0.538462
vt 0.846154 0.538462
vt 0.923077 0.538462
vt 0.038462 0.500000
vt 0.000000 0.500000
vt 0.076923 0.500000
vt 0.153846 0.500000
vt 0.115385 0.500000
vt 0.192308 0.500000
vt 0.269231 0.500000
vt 0.230769 0.500000
vt 0.346154 0.500000
vt 0.307692 0.500000
vt 0.423077 0.500000
vt 0.384615 0.500000
vt 0.500000 0.500000
vt 0.461538 0.500000
vt 0.538462 0.500000
vt 0.576923 0.500000
vt 0.615385 0.500000
vt 0.653846 0.500000
vt 0.730769 0.500000
vt 0.692308 0.500000
vt 0.769231 0.500000
vt 0.807692 0.500000
vt 0.846154 0.500000
vt 0.884615 0.500000
vt 0.923077 0.500000
vt 0.038462 0.461538
vt 0.000000 0.461538
vt 0.115385 0.461538
vt 0.076923 0.461538
vt 0.153846 0.461538
vt 0.230769 0.461538
vt 0.192308 0.461538
vt 0.269231 0.461538
vt 0.307692 0.461538
vt 0.346154 0.461538
vt 0.423077 0.461538
vt 0.384615 0.461538
vt 0.461538 0.461538
vt 0.500000 0.461538
vt 0.538462 0.461538
vt 0.615385 0.461538
vt 0.576923 0.461538
vt 0.653846 0.461538
vt 0.692308 0.461538
vt 0.769231 0.461538
vt 0.730769 0.461538
vt 0.846154 0.461538
vt 0.807692 0.461538
vt 0.884615 0.461538
vt 0.923077 0.461538
vt 0.000000 0.423077
vt 0.076923 0.423077
vt 0.038462 0.423077
vt 0.115385 0.423077
vt 0.153846 0.423077
vt 0.192308 0.423077
vt 0.230769 0.423077
vt 0.269231 0.423077
vt 0.307692 0.423077
vt 0.346154 0.423077
vt 0.384615 0.423077
vt 0.423077 0.423077
vt 0.461538 0.423077
vt 0.538462 0.423077
vt 0.500000 0.423077
vt 0.576923 0.423077
vt 0.653846 0.423077
vt 0.615385 0.423077
vt 0.692308 0.423077
vt 0.730769 0.423077
vt 0.769231 0.423077
vt 0.807692 0.423077
vt 0.846154 0.423077
vt 0.884615 0.423077
vt 0.923077 0.423077
vt 0.038462 0.384615
vt 0.000000 0.384615
vt 0.076923 0.384615
vt 0.115385 0.384615
vt 0.192308 0.384615
vt 0.153846 0.384615
vt 0.230769 0.384615
vt 0.307692 0.384615
vt 0.269231 0.384615
vt 0.346154 0.384615
vt 0.384615 0.384615
vt 0.423077 0.384615
vt 0.500000 0.384615
vt 0.461538 0.384615
vt 0.538462 0.384615
vt 0.576923 0.384615
vt 0.615385 0.384615
vt 0.653846 0.384615
vt 0.692308 0.384615
vt 0.769231 0.384615
vt 0.730769 0.384615
vt 0.807692 0.384615
vt 0.846154 0.384615
vt 0.884615 0.384615
vt 0.923077 0.384615
vt 0.038462 0.346154
vt 0.000000 0.346154
vt 0.076923 0.346154
vt 0.153846 0.346154
vt 0.115385 0.346154
vt 0.192308 0.346154
vt 0.230769 0.346154
vt 0.269231 0.346154
vt 0.307692 0.346154
vt 0.346154 0.346154
vt 0.384615 0.346154
vt 0.461538 0.346154
vt 0.423077 0.346154
vt 0.538462 0.346154
vt 0.500000 0.346154
vt 0.615385 0.346154
vt 0.576923 0.346154
vt 0.653846 0.346154
vt 0.730769 0.346154
vt 0.692308 0.346154
vt 0.769231 0.346154
vt 0.807692 0.346154
vt 0.846154 0.346154
vt 0.884615 0.346154
vt 0.923077 0.346154
vt 0.038462 0.307692
vt 0.000000 0.307692
vt 0.076923 0.307692
vt 0.153846 0.307692
vt 0.115385 0.307692
vt 0.230769 0.307692
vt 0.192308 0.307692
vt 0.269231 0.307692
vt 0.307692 0.307692
vt 0.346154 0.307692
vt 0.384615 0.307692
vt 0.423077 0.307692
vt 0.461538 0.307692
vt 0.500000 0.307692
vt 0.538462 0.307692
vt 0.576923 0.307692
vt 0.615385 0.307692
vt 0.653846 0.307692
vt 0.692308 0.307692
vt 0.730769 0.307692
vt 0.769231 0.307692
vt 0.846154 0.307692
vt 0.807692 0.307692
vt 0.884615 0.307692
vt 0.923077 0.307692
vt 0.038462 0.269231
vt 0.000000 0.269231
vt 0.076923 0.269231
vt 0.115385 0.269231
vt 0.153846 0.269231
vt 0.192308 0.269231
vt 0.230769 0.269231
vt 0.269231 0.269231
vt 0.346154 0.269231
vt 0.307692 0.269231
vt 0.384615 0.269231
vt 0.423077 0.269231
vt 0.461538 0.269231
vt 0.538462 0.269231
vt 0.500000 0.269231
vt 0.615385 0.269231
vt 0.576923 0.269231
vt 0.653846 0.269231
vt 0.692308 0.269231
vt 0.730769 0.269231
vt 0.769231 0.269231
vt 0.807692 0.269231
vt 0.846154 0.269231
vt 0.884615 0.269231
vt 0.923077 0.269231
vt 0.000000 0.230769
vt 0.076923 0.230769
vt 0.038462 0.230769
vt 0.115385 0.230769
vt 0.192308 0.230769
vt 0.153846 0.230769
vt 0.230769 0.230769
vt 0.307692 0.230769
vt 0.269231 0.230769
vt 0.384615 0.230769
vt 0.346154 0.230769
vt 0.423077 0.230769
vt 0.461538 0.230769
vt 0.538462 0.230769
vt 0.500000 0.230769
vt 0.576923 0.230769
vt 0.615385 0.230769
vt 0.653846 0.230769
vt 0.692308 0.230769
vt 0.730769 0.230769
vt 0.769231 0.230769
vt 0.846154 0.230769
vt 0.807692 0.230769
vt 0.884615 0.230769
vt 0.923077 0.230769
vt 0.038462 0.192308
vt 0.000000 0.192308
vt 0.076923 0.192308
vt 0.115385 0.192308
vt 0.192308 0.192308
vt 0.153846 0.192308
vt 0.230769 0.192308
vt 0.269231 0.192308
vt 0.307692 0.192308
vt 0.346154 0.192308
vt 0.423077 0.192308
vt 0.384615 0.192308
vt 0.461538 0.192308
vt 0.500000 0.192308
vt 0.538462 0.192308
vt 0.576923 0.192308
vt 0.653846 0.192308
vt 0.615385 0.192308
vt 0.692308 0.192308
vt 0.730769 0.192308
vt 0.769231 0.192308
vt 0.807692 0.192308
vt 0.884615 0.192308
vt 0.846154 0.192308
vt 0.923077 0.192308
vt 0.000000 0.153846
vt 0.076923 0.153846
vt 0.038462 0.153846
vt 0.115385 0.153846
vt 0.153846 0.153846
vt 0.192308 0.153846
vt 0.269231 0.153846
vt 0.230769 0.153846
vt 0.307692 0.153846
vt 0.346154 0.153846
vt 0.384615 0.153846
vt 0.461538 0.153846
vt 0.423077 0.153846
vt 0.500000 0.153846
vt 0.538462 0.153846
vt 0.615385 0.153846
vt 0.576923 0.153846
vt 0.653846 0.153846
vt 0.692308 0.153846
vt 0.730769 0.153846
vt 0.769231 0.153846
vt 0.807692 0.153846
vt 0.846154 0.153846
vt 0.884615 0.153846
vt 0.923077 0.153846
vt 0.038462 0.115385
vt 0.000000 0.115385
vt 0.115385 0.115385
vt 0.076923 0.115385
vt 0.153846 0.115385
vt 0.192308 0.115385
vt 0.230769 0.115385
vt 0.307692 0.115385
vt 0.269231 0.115385
vt 0.346154 0.115385
vt 0.423077 0.115385
vt 0.384615 0.115385
vt 0.461538 0.115385
vt 0.500000 0.115385
vt 0.538462 0.115385
vt 0.576923 0.115385
vt 0.615385 0.115385
vt 0.653846 0.115385
vt 0.730769 0.115385
vt 0.692308 0.115385
vt 0.769231 0.115385
vt 0.846154 0.115385
vt 0.807692 0.115385
vt 0.923077 0.115385
vt 0.884615 0.115385
vt 0.000000 0.076923
vt 0.038462 0.076923
vt 0.115385 0.076923
vt 0.076923 0.076923
vt 0.153846 0.076923
vt 0.192308 0.076923
vt 0.230769 0.076923
vt 0.269231 0.076923
vt 0.346154 0.076923
vt 0.307692 0.076923
vt 0.423077 0.076923
vt 0.384615 0.076923
vt 0.461538 0.076923
vt 0.538462 0.076923
vt 0.500000 0.076923
vt 0.576923 0.076923
vt 0.615385 0.076923
vt 0.653846 0.076923
vt 0.730769 0.076923
vt 0.692308 0.076923
vt 0.807692 0.076923
vt 0.769231 0.076923
vt 0.884615 0.076923
vt 0.846154 0.076923
vt 0.923077 0.076923
vt 0.038462 0.038462
vt 0.000000 0.038462
vt 0.115385 0.038462
vt 0.076923 0.038462
vt 0.153846 0.038462
vt 0.230769 0.038462
vt 0.192308 0.038462
vt 0.269231 0.038462
vt 0.346154 0.038462
vt 0.307692 0.038462
vt 0.423077 0.038462
vt 0.384615 0.038462
vt 0.500000 0.038462
vt 0.461538 0.038462
vt 0.576923 0.038462
vt 0.538462 0.038462
vt 0.653846 0.038462
vt 0.615385 0.038462
vt 0.692308 0.038462
vt 0.769231 0.038462
vt 0.730769 0.038462
vt 0.846154 0.038462
vt 0.807692 0.038462
vt 0.884615 0.038462
vt 0.923077 0.038462
vt 0.038462 0.000000
vt 0.000000 0.000000
vt 0.076923 0.000000
vt 0.115385 0.000000
vt 0.192308 0.000000
vt 0.153846 0.000000
vt 0.230769 0.000000
vt 0.269231 0.000000
vt 0.307692 0.000000
vt 0.346154 0.000000
vt 0.423077 0.000000
vt 0.384615 0.000000
vt 0.500000 0.000000
vt 0.461538 0.000000
vt 0.538462 0.000000
vt 0.615385 0.000000
vt 0.576923 0.000000
vt 0.653846 0.000000
vt 0.730769 0.000000
vt 0.692308 0.000000
vt 0.807692 0.000000
vt 0.769231 0.000000
vt 0.846154 0.000000
vt 0.884615 0.000000
vt 0.923077 0.000000
vt 0.038462 1.000000
vt 0.000000 1.000000
vt 0.076923 1.000000
vt 0.115385 1.000000
vt 0.153846 1.000000
vt 0.192308 1.000000
vt 0.230769 1.000000
vt 0.269231 1.000000
vt 0.307692 1.000000
vt 0.346154 1.000000
vt 0.384615 1.000000
vt 0.423077 1.000000
vt 0.461538 1.000000
vt 0.500000 1.000000
vt 0.576923 1.000000
vt 0.538462 1.000000
vt 0.653846 1.000000
vt 0.615385 1.000000
vt 0.692308 1.000000
vt 0.769231 1.000000
vt 0.730769 1.000000
vt 0.807692 1.000000
vt 0.884615 1.000000
vt 0.846154 1.000000
vt 0.923077 1.000000
vt 1.000000 1.000000
vt 1.000000 0.307692
vt 1.000000 0.384615
vt 1.000000 0.500000
vt 1.000000 0.576923
s 0
usemtl マテリアル.001
f 54/1/1 80/2/1 705/3/1
f 2/4/2 105/5/2 79/6/2
f 30/7/3 130/8/3 105/5/3
f 31/9/4 155/10/4 130/8/4
f 32/11/5 180/12/5 155/10/5
f 33/13/6 205/14/6 180/12/6
f 34/15/7 230/16/7 205/14/7
f 35/17/1 255/18/1 230/16/1
f 36/19/8 280/20/8 255/18/8
f 280/20/9 38/21/9 305/22/9
f 38/21/10 330/23/10 305/22/10
f 330/23/11 40/24/11 355/25/11
f 40/24/1 380/26/1 355/25/1
f 41/27/12 405/28/12 380/26/12
f 405/28/13 43/29/13 430/30/13
f 43/29/14 455/31/14 430/30/14
f 455/31/15 45/32/15 480/33/15
f 480/33/16 46/34/16 505/35/16
f 46/34/17 530/36/17 505/35/17
f 47/37/18 555/38/18 530/36/18
f 48/39/1 580/40/1 555/38/1
f 49/41/1 605/42/1 580/40/1
f 50/43/19 630/44/19 605/42/19
f 51/45/1 655/46/1 630/44/1
f 52/47/20 680/48/20 655/46/20
f 53/49/21 705/3/21 680/48/21
f 704/50/22 5/51/22 6/52/22
f 704/50/1 728/53/1 729/54/1
f 702/55/23 728/53/23 703/56/23
f 701/57/1 727/58/1 702/55/1
f 700/59/1 726/60/1 701/57/1
f 699/61/1 725/62/1 700/59/1
f 698/63/1 724/64/1 699/61/1
f 697/65/1 723/66/1 698/63/1
f 696/67/24 722/68/24 697/65/24
f 696/67/25 720/69/25 721/70/25
f 694/71/1 720/69/1 695/72/1
f 693/73/26 719/74/26 694/71/26
f 693/73/27 717/75/27 718/76/27
f 691/77/28 717/75/28 692/78/28
f 690/79/29 716/80/29 691/77/29
f 689/81/1 715/82/1 690/79/1
f 689/81/30 713/83/30 714/84/30
f 688/85/31 712/86/31 713/83/31
f 686/87/32 712/86/32 687/88/32
f 686/87/33 710/89/33 711/90/33
f 684/91/1 710/89/1 685/92/1
f 684/91/34 708/93/34 709/94/34
f 682/95/35 708/93/35 683/96/35
f 681/97/1 707/98/1 682/95/1
f 681/97/36 705/3/36 706/99/36
f 7/100/22 704/50/22 6/52/22
f 679/101/37 703/56/37 704/50/37
f 677/102/38 703/56/38 678/103/38
f 676/104/39 702/55/39 677/102/39
f 676/104/1 700/59/1 701/57/1
f 674/105/40 700/59/40 675/106/40
f 673/107/41 699/61/41 674/105/41
f 672/108/1 698/63/1 673/107/1
f 671/109/1 697/65/1 672/108/1
f 670/110/1 696/67/1 671/109/1
f 669/111/1 695/72/1 670/110/1
f 668/112/42 694/71/42 669/111/42
f 667/113/1 693/73/1 668/112/1
f 667/113/43 691/77/43 692/78/43
f 665/114/44 691/77/44 666/115/44
f 664/116/45 690/79/45 665/114/45
f 664/116/46 688/85/46 689/81/46
f 662/117/47 688/85/47 663/118/47
f 661/119/1 687/88/1 662/117/1
f 661/119/48 685/92/48 686/87/48
f 659/120/49 685/92/49 660/121/49
f 659/120/50 683/96/50 684/91/50
f 657/122/1 683/96/1 658/123/1
f 656/124/51 682/95/51 657/122/51
f 656/124/52 680/48/52 681/97/52
f 8/125/53 679/101/53 7/100/53
f 654/126/54 678/103/54 679/101/54
f 652/127/55 678/103/55 653/128/55
f 651/129/56 677/102/56 652/127/56
f 650/130/57 676/104/57 651/129/57
f 649/131/1 675/106/1 650/130/1
f 649/131/58 673/107/58 674/105/58
f 647/132/59 673/107/59 648/133/59
f 646/134/60 672/108/60 647/132/60
f 645/135/1 671/109/1 646/134/1
f 644/136/1 670/110/1 645/135/1
f 643/137/1 669/111/1 644/136/1
f 642/138/61 668/112/61 643/137/61
f 642/138/62 666/115/62 667/113/62
f 640/139/1 666/115/1 641/140/1
f 639/141/1 665/114/1 640/139/1
f 638/142/1 664/116/1 639/141/1
f 637/143/1 663/118/1 638/142/1
f 636/144/63 662/117/63 637/143/63
f 636/144/64 660/121/64 661/119/64
f 634/145/65 660/121/65 635/146/65
f 633/147/1 659/120/1 634/145/1
f 633/147/1 657/122/1 658/123/1
f 631/148/66 657/122/66 632/149/66
f 631/148/67 655/46/67 656/124/67
f 629/150/68 8/125/68 9/151/68
f 628/152/69 654/126/69 629/150/69
f 628/152/70 652/127/70 653/128/70
f 627/153/71 651/129/71 652/127/71
f 625/154/1 651/129/1 626/155/1
f 624/156/72 650/130/72 625/154/72
f 623/157/73 649/131/73 624/156/73
f 622/158/1 648/133/1 623/157/1
f 621/159/74 647/132/74 622/158/74
f 620/160/75 646/134/75 621/159/75
f 619/161/76 645/135/76 620/160/76
f 618/162/1 644/136/1 619/161/1
f 617/163/1 643/137/1 618/162/1
f 616/164/1 642/138/1 617/163/1
f 616/164/1 640/139/1 641/140/1
f 614/165/77 640/139/77 615/166/77
f 613/167/78 639/141/78 614/165/78
f 612/168/1 638/142/1 613/167/1
f 611/169/79 637/143/79 612/168/79
f 610/170/1 636/144/1 611/169/1
f 609/171/80 635/146/80 610/170/80
f 608/172/1 634/145/1 609/171/1
f 608/172/81 632/149/81 633/147/81
f 606/173/1 632/149/1 607/174/1
f 606/173/82 630/44/82 631/148/82
f 604/175/1 9/151/1 10/176/1
f 604/175/83 628/152/83 629/150/83
f 603/177/84 627/153/84 628/152/84
f 601/178/1 627/153/1 602/179/1
f 600/180/1 626/155/1 601/178/1
f 599/181/1 625/154/1 600/180/1
f 598/182/1 624/156/1 599/181/1
f 597/183/85 623/157/85 598/182/85
f 597/183/86 621/159/86 622/158/86
f 595/184/1 621/159/1 596/185/1
f 594/186/87 620/160/87 595/184/87
f 593/187/1 619/161/1 594/186/1
f 592/188/1 618/162/1 593/187/1
f 591/189/1 617/163/1 592/188/1
f 590/190/88 616/164/88 591/189/88
f 590/190/1 614/165/1 615/166/1
f 588/191/89 614/165/89 589/192/89
f 587/193/90 613/167/90 588/191/90
f 586/194/1 612/168/1 587/193/1
f 585/195/91 611/169/91 586/194/91
f 585/195/92 609/171/92 610/170/92
f 583/196/1 609/171/1 584/197/1
f 582/198/1 608/172/1 583/196/1
f 582/198/93 606/173/93 607/174/93
f 581/199/94 605/42/94 606/173/94
f 11/200/1 604/175/1 10/176/1
f 578/201/95 604/175/95 579/202/95
f 577/203/96 603/177/96 578/201/96
f 576/204/97 602/179/97 577/203/97
f 575/205/98 601/178/98 576/204/98
f 575/205/1 599/181/1 600/180/1
f 573/206/99 599/181/99 574/207/99
f 572/208/100 598/182/100 573/206/100
f 571/209/1 597/183/1 572/208/1
f 570/210/101 596/185/101 571/209/101
f 570/210/102 594/186/102 595/184/102
f 569/211/1 593/187/1 594/186/1
f 567/212/103 593/187/103 568/213/103
f 566/214/104 592/188/104 567/212/104
f 565/215/1 591/189/1 566/214/1
f 564/216/105 590/190/105 565/215/105
f 564/216/106 588/191/106 589/192/106
f 562/217/107 588/191/107 563/218/107
f 562/217/1 586/194/1 587/193/1
f 560/219/108 586/194/108 561/220/108
f 559/221/109 585/195/109 560/219/109
f 558/222/1 584/197/1 559/221/1
f 557/223/1 583/196/1 558/222/1
f 556/224/1 582/198/1 557/223/1
f 555/38/1 581/199/1 556/224/1
f 12/225/110 579/202/110 11/200/110
f 553/226/111 579/202/111 554/227/111
f 552/228/112 578/201/112 553/226/112
f 551/229/1 577/203/1 552/228/1
f 550/230/113 576/204/113 551/229/113
f 550/230/114 574/207/114 575/205/114
f 548/231/115 574/207/115 549/232/115
f 547/233/116 573/206/116 548/231/116
f 546/234/1 572/208/1 547/233/1
f 545/235/1 571/209/1 546/234/1
f 544/236/1 570/210/1 545/235/1
f 543/237/117 569/211/117 544/236/117
f 542/238/1 568/213/1 543/237/1
f 541/239/118 567/212/118 542/238/118
f 540/240/1 566/214/1 541/239/1
f 540/240/119 564/216/119 565/215/119
f 538/241/120 564/216/120 539/242/120
f 537/243/121 563/218/121 538/241/121
f 536/244/122 562/217/122 537/243/122
f 535/245/1 561/220/1 536/244/1
f 534/246/123 560/219/123 535/245/123
f 533/247/124 559/221/124 534/246/124
f 532/248/125 558/222/125 533/247/125
f 532/248/1 556/224/1 557/223/1
f 530/36/126 556/224/126 531/249/126
f 529/250/127 12/225/127 13/251/127
f 528/252/128 554/227/128 529/250/128
f 528/252/129 552/228/129 553/226/129
f 526/253/130 552/228/130 527/254/130
f 526/253/131 550/230/131 551/229/131
f 524/255/1 550/230/1 525/256/1
f 524/255/132 548/231/132 549/232/132
f 523/257/133 547/233/133 548/231/133
f 521/258/134 547/233/134 522/259/134
f 520/260/135 546/234/135 521/258/135
f 519/261/1 545/235/1 520/260/1
f 518/262/1 544/236/1 519/261/1
f 517/263/136 543/237/136 518/262/136
f 517/263/137 541/239/137 542/238/137
f 515/264/1 541/239/1 516/265/1
f 514/266/138 540/240/138 515/264/138
f 513/267/1 539/242/1 514/266/1
f 512/268/139 538/241/139 513/267/139
f 511/269/1 537/243/1 512/268/1
f 510/270/140 536/244/140 511/269/140
f 510/270/141 534/246/141 535/245/141
f 508/271/1 534/246/1 509/272/1
f 507/273/142 533/247/142 508/271/142
f 507/273/143 531/249/143 532/248/143
f 505/35/144 531/249/144 506/274/144
f 14/275/145 529/250/145 13/251/145
f 504/276/146 528/252/146 529/250/146
f 503/277/147 527/254/147 528/252/147
f 501/278/1 527/254/1 502/279/1
f 500/280/1 526/253/1 501/278/1
f 499/281/148 525/256/148 500/280/148
f 499/281/149 523/257/149 524/255/149
f 497/282/150 523/257/150 498/283/150
f 496/284/1 522/259/1 497/282/1
f 495/285/151 521/258/151 496/284/151
f 494/286/1 520/260/1 495/285/1
f 493/287/1 519/261/1 494/286/1
f 493/287/1 517/263/1 518/262/1
f 491/288/152 517/263/152 492/289/152
f 490/290/153 516/265/153 491/288/153
f 489/291/1 515/264/1 490/290/1
f 488/292/154 514/266/154 489/291/154
f 488/292/155 512/268/155 513/267/155
f 486/293/1 512/268/1 487/294/1
f 485/295/1 511/269/1 486/293/1
f 485/295/156 509/272/156 510/270/156
f 483/296/157 509/272/157 484/297/157
f 482/298/158 508/271/158 483/296/158
f 481/299/159 507/273/159 482/298/159
f 480/33/160 506/274/160 481/299/160
f 15/300/1 504/276/1 14/275/1
f 478/301/161 504/276/161 479/302/161
f 477/303/162 503/277/162 478/301/162
f 477/303/1 501/278/1 502/279/1
f 475/304/163 501/278/163 476/305/163
f 474/306/164 500/280/164 475/304/164
f 473/307/165 499/281/165 474/306/165
f 473/307/166 497/282/166 498/283/166
f 471/308/167 497/282/167 472/309/167
f 471/308/168 495/285/168 496/284/168
f 469/310/169 495/285/169 470/311/169
f 468/312/170 494/286/170 469/310/170
f 467/313/171 493/287/171 468/312/171
f 466/314/1 492/289/1 467/313/1
f 465/315/172 491/288/172 466/314/172
f 464/316/1 490/290/1 465/315/1
f 463/317/1 489/291/1 464/316/1
f 462/318/1 488/292/1 463/317/1
f 462/318/1 486/293/1 487/294/1
f 460/319/173 486/293/173 461/320/173
f 460/319/174 484/297/174 485/295/174
f 458/321/1 484/297/1 459/322/1
f 457/323/175 483/296/175 458/321/175
f 456/324/176 482/298/176 457/323/176
f 455/31/177 481/299/177 456/324/177
f 454/325/178 15/300/178 16/326/178
f 454/325/179 478/301/179 479/302/179
f 452/327/180 478/301/180 453/328/180
f 451/329/181 477/303/181 452/327/181
f 450/330/1 476/305/1 451/329/1
f 449/331/182 475/304/182 450/330/182
f 449/331/1 473/307/1 474/306/1
f 447/332/183 473/307/183 448/333/183
f 446/334/1 472/309/1 447/332/1
f 445/335/184 471/308/184 446/334/184
f 445/335/1 469/310/1 470/311/1
f 443/336/185 469/310/185 444/337/185
f 442/338/1 468/312/1 443/336/1
f 441/339/186 467/313/186 442/338/186
f 441/339/187 465/315/187 466/314/187
f 440/340/1 464/316/1 465/315/1
f 438/341/188 464/316/188 439/342/188
f 437/343/189 463/317/189 438/341/189
f 436/344/190 462/318/190 437/343/190
f 435/345/1 461/320/1 436/344/1
f 434/346/191 460/319/191 435/345/191
f 434/346/192 458/321/192 459/322/192
f 432/347/193 458/321/193 433/348/193
f 431/349/176 457/323/176 432/347/176
f 430/30/1 456/324/1 431/349/1
f 429/350/1 16/326/1 17/351/1
f 429/350/194 453/328/194 454/325/194
f 428/352/195 452/327/195 453/328/195
f 426/353/1 452/327/1 427/354/1
f 425/355/196 451/329/196 426/353/196
f 425/355/197 449/331/197 450/330/197
f 423/356/198 449/331/198 424/357/198
f 423/356/199 447/332/199 448/333/199
f 421/358/200 447/332/200 422/359/200
f 421/358/201 445/335/201 446/334/201
f 419/360/202 445/335/202 420/361/202
f 419/360/203 443/336/203 444/337/203
f 417/362/1 443/336/1 418/363/1
f 416/364/1 442/338/1 417/362/1
f 415/365/1 441/339/1 416/364/1
f 414/366/204 440/340/204 415/365/204
f 413/367/1 439/342/1 414/366/1
f 413/367/205 437/343/205 438/341/205
f 411/368/1 437/343/1 412/369/1
f 410/370/206 436/344/206 411/368/206
f 410/370/207 434/346/207 435/345/207
f 409/371/1 433/348/1 434/346/1
f 408/372/208 432/347/208 433/348/208
f 407/373/209 431/349/209 432/347/209
f 406/374/210 430/30/210 431/349/210
f 404/375/211 17/351/211 18/376/211
f 404/375/212 428/352/212 429/350/212
f 402/377/213 428/352/213 403/378/213
f 401/379/214 427/354/214 402/377/214
f 401/379/214 425/355/214 426/353/214
f 399/380/66 425/355/66 400/381/66
f 398/382/215 424/357/215 399/380/215
f 397/383/216 423/356/216 398/382/216
f 396/384/1 422/359/1 397/383/1
f 396/384/217 420/361/217 421/358/217
f 394/385/218 420/361/218 395/386/218
f 393/387/219 419/360/219 394/385/219
f 392/388/1 418/363/1 393/387/1
f 391/389/1 417/362/1 392/388/1
f 391/389/1 415/365/1 416/364/1
f 389/390/1 415/365/1 390/391/1
f 388/392/220 414/366/220 389/390/220
f 388/392/221 412/369/221 413/367/221
f 387/393/1 411/368/1 412/369/1
f 385/394/222 411/368/222 386/395/222
f 385/394/223 409/371/223 410/370/223
f 383/396/224 409/371/224 384/397/224
f 382/398/225 408/372/225 383/396/225
f 381/399/1 407/373/1 382/398/1
f 380/26/226 406/374/226 381/399/226
f 19/400/227 404/375/227 18/376/227
f 378/401/228 404/375/228 379/402/228
f 377/403/229 403/378/229 378/401/229
f 376/404/1 402/377/1 377/403/1
f 375/405/230 401/379/230 376/404/230
f 374/406/1 400/381/1 375/405/1
f 373/407/231 399/380/231 374/406/231
f 372/408/1 398/382/1 373/407/1
f 371/409/232 397/383/232 372/408/232
f 370/410/233 396/384/233 371/409/233
f 369/411/1 395/386/1 370/410/1
f 368/412/234 394/385/234 369/411/234
f 368/412/1 392/388/1 393/387/1
f 366/413/235 392/388/235 367/414/235
f 365/415/236 391/389/236 366/413/236
f 365/415/1 389/390/1 390/391/1
f 363/416/237 389/390/237 364/417/237
f 362/418/238 388/392/238 363/416/238
f 361/419/239 387/393/239 362/418/239
f 360/420/1 386/395/1 361/419/1
f 359/421/240 385/394/240 360/420/240
f 358/422/1 384/397/1 359/421/1
f 357/423/1 383/396/1 358/422/1
f 356/424/241 382/398/241 357/423/241
f 356/424/242 380/26/242 381/399/242
f 354/425/243 19/400/243 20/426/243
f 353/427/244 379/402/244 354/425/244
f 353/427/245 377/403/245 378/401/245
f 352/428/246 376/404/246 377/403/246
f 350/429/246 376/404/246 351/430/246
f 349/431/247 375/405/247 350/429/247
f 349/431/248 373/407/248 374/406/248
f 347/432/1 373/407/1 348/433/1
f 346/434/1 372/408/1 347/432/1
f 345/435/1 371/409/1 346/434/1
f 344/436/249 370/410/249 345/435/249
f 344/436/250 368/412/250 369/411/250
f 342/437/251 368/412/251 343/438/251
f 341/439/1 367/414/1 342/437/1
f 340/440/252 366/413/252 341/439/252
f 339/441/253 365/415/253 340/440/253
f 338/442/1 364/417/1 339/441/1
f 337/443/254 363/416/254 338/442/254
f 337/443/239 361/419/239 362/418/239
f 335/444/255 361/419/255 336/445/255
f 334/446/256 360/420/256 335/444/256
f 333/447/1 359/421/1 334/446/1
f 332/448/1 358/422/1 333/447/1
f 332/448/1 356/424/1 357/423/1
f 331/449/257 355/25/257 356/424/257
f 329/450/1 20/426/1 21/451/1
f 328/452/44 354/425/44 329/450/44
f 328/452/258 352/428/258 353/427/258
f 326/453/1 352/428/1 327/454/1
f 325/455/1 351/430/1 326/453/1
f 324/456/1 350/429/1 325/455/1
f 323/457/1 349/431/1 324/456/1
f 322/458/1 348/433/1 323/457/1
f 321/459/1 347/432/1 322/458/1
f 320/460/1 346/434/1 321/459/1
f 320/460/1 344/436/1 345/435/1
f 318/461/259 344/436/259 319/462/259
f 318/461/260 342/437/260 343/438/260
f 316/463/261 342/437/261 317/464/261
f 316/463/262 340/440/262 341/439/262
f 314/465/1 340/440/1 315/466/1
f 313/467/263 339/441/263 314/465/263
f 313/467/264 337/443/264 338/442/264
f 311/468/265 337/443/265 312/469/265
f 310/470/1 336/445/1 311/468/1
f 309/471/266 335/444/266 310/470/266
f 308/472/1 334/446/1 309/471/1
f 307/473/1 333/447/1 308/472/1
f 306/474/267 332/448/267 307/473/267
f 305/22/1 331/449/1 306/474/1
f 304/475/1 21/451/1 22/476/1
f 304/475/1 328/452/1 329/450/1
f 303/477/1 327/454/1 328/452/1
f 301/478/1 327/454/1 302/479/1
f 301/478/1 325/455/1 326/453/1
f 299/480/268 325/455/268 300/481/268
f 298/482/269 324/456/269 299/480/269
f 297/483/1 323/457/1 298/482/1
f 296/484/1 322/458/1 297/483/1
f 295/485/1 321/459/1 296/484/1
f 294/486/270 320/460/270 295/485/270
f 293/487/1 319/462/1 294/486/1
f 292/488/271 318/461/271 293/487/271
f 291/489/272 317/464/272 292/488/272
f 290/490/273 316/463/273 291/489/273
f 289/491/1 315/466/1 290/490/1
f 288/492/1 314/465/1 289/491/1
f 287/493/1 313/467/1 288/492/1
f 286/494/1 312/469/1 287/493/1
f 285/495/274 311/468/274 286/494/274
f 285/495/275 309/471/275 310/470/275
f 283/496/1 309/471/1 284/497/1
f 282/498/1 308/472/1 283/496/1
f 281/499/1 307/473/1 282/498/1
f 280/20/276 306/474/276 281/499/276
f 279/500/277 22/476/277 23/501/277
f 278/502/278 304/475/278 279/500/278
f 277/503/279 303/477/279 278/502/279
f 276/504/280 302/479/280 277/503/280
f 275/505/281 301/478/281 276/504/281
f 274/506/1 300/481/1 275/505/1
f 273/507/282 299/480/282 274/506/282
f 273/507/1 297/483/1 298/482/1
f 271/508/283 297/483/283 272/509/283
f 270/510/284 296/484/284 271/508/284
f 269/511/1 295/485/1 270/510/1
f 268/512/285 294/486/285 269/511/285
f 268/512/286 292/488/286 293/487/286
f 266/513/1 292/488/1 267/514/1
f 266/513/287 290/490/287 291/489/287
f 264/515/288 290/490/288 265/516/288
f 263/517/289 289/491/289 264/515/289
f 262/518/1 288/492/1 263/517/1
f 261/519/1 287/493/1 262/518/1
f 260/520/1 286/494/1 261/519/1
f 259/521/1 285/495/1 260/520/1
f 258/522/1 284/497/1 259/521/1
f 257/523/1 283/496/1 258/522/1
f 256/524/1 282/498/1 257/523/1
f 256/524/1 280/20/1 281/499/1
f 24/525/1 279/500/1 23/501/1
f 253/526/290 279/500/290 254/527/290
f 253/526/1 277/503/1 278/502/1
f 252/528/291 276/504/291 277/503/291
f 250/529/292 276/504/292 251/530/292
f 249/531/293 275/505/293 250/529/293
f 249/531/294 273/507/294 274/506/294
f 247/532/295 273/507/295 248/533/295
f 247/532/1 271/508/1 272/509/1
f 245/534/296 271/508/296 246/535/296
f 244/536/297 270/510/297 245/534/297
f 243/537/1 269/511/1 244/536/1
f 243/537/298 267/514/298 268/512/298
f 241/538/299 267/514/299 242/539/299
f 240/540/300 266/513/300 241/538/300
f 239/541/1 265/516/1 240/540/1
f 238/542/301 264/515/301 239/541/301
f 237/543/1 263/517/1 238/542/1
f 236/544/1 262/518/1 237/543/1
f 235/545/1 261/519/1 236/544/1
f 235/545/1 259/521/1 260/520/1
f 233/546/302 259/521/302 234/547/302
f 232/548/303 258/522/303 233/546/303
f 231/549/1 257/523/1 232/548/1
f 230/16/304 256/524/304 231/549/304
f 229/550/305 24/525/305 25/551/305
f 228/552/306 254/527/306 229/550/306
f 228/552/307 252/528/307 253/526/307
f 227/553/308 251/530/308 252/528/308
f 225/554/309 251/530/309 226/555/309
f 224/556/1 250/529/1 225/554/1
f 223/557/1 249/531/1 224/556/1
f 222/558/1 248/533/1 223/557/1
f 221/559/310 247/532/310 222/558/310
f 221/559/311 245/534/311 246/535/311
f 219/560/312 245/534/312 220/561/312
f 218/562/1 244/536/1 219/560/1
f 217/563/313 243/537/313 218/562/313
f 216/564/1 242/539/1 217/563/1
f 215/565/314 241/538/314 216/564/314
f 215/565/315 239/541/315 240/540/315
f 213/566/316 239/541/316 214/567/316
f 212/568/317 238/542/317 213/566/317
f 211/569/1 237/543/1 212/568/1
f 210/570/1 236/544/1 211/569/1
f 209/571/318 235/545/318 210/570/318
f 209/571/1 233/546/1 234/547/1
f 207/572/319 233/546/319 208/573/319
f 206/574/320 232/548/320 207/572/320
f 205/14/1 231/549/1 206/574/1
f 26/575/1 229/550/1 25/551/1
f 203/576/321 229/550/321 204/577/321
f 202/578/322 228/552/322 203/576/322
f 201/579/323 227/553/323 202/578/323
f 201/579/324 225/554/324 226/555/324
f 200/580/325 224/556/325 225/554/325
f 198/581/326 224/556/326 199/582/326
f 197/583/327 223/557/327 198/581/327
f 196/584/1 222/558/1 197/583/1
f 195/585/328 221/559/328 196/584/328
f 195/585/329 219/560/329 220/561/329
f 193/586/1 219/560/1 194/587/1
f 192/588/1 218/562/1 193/586/1
f 191/589/330 217/563/330 192/588/330
f 191/589/331 215/565/331 216/564/331
f 189/590/332 215/565/332 190/591/332
f 188/592/1 214/567/1 189/590/1
f 187/593/333 213/566/333 188/592/333
f 186/594/1 212/568/1 187/593/1
f 186/594/1 210/570/1 211/569/1
f 185/595/334 209/571/334 210/570/334
f 184/596/335 208/573/335 209/571/335
f 183/597/336 207/572/336 208/573/336
f 182/598/337 206/574/337 207/572/337
f 180/12/338 206/574/338 181/599/338
f 179/600/339 26/575/339 27/601/339
f 179/600/340 203/576/340 204/577/340
f 177/602/341 203/576/341 178/603/341
f 176/604/342 202/578/342 177/602/342
f 175/605/343 201/579/343 176/604/343
f 174/606/344 200/580/344 175/605/344
f 174/606/345 198/581/345 199/582/345
f 172/607/346 198/581/346 173/608/346
f 171/609/347 197/583/347 172/607/347
f 171/609/1 195/585/1 196/584/1
f 169/610/348 195/585/348 170/611/348
f 168/612/349 194/587/349 169/610/349
f 167/613/350 193/586/350 168/612/350
f 166/614/351 192/588/351 167/613/351
f 165/615/1 191/589/1 166/614/1
f 164/616/1 190/591/1 165/615/1
f 163/617/352 189/590/352 164/616/352
f 163/617/353 187/593/353 188/592/353
f 161/618/1 187/593/1 162/619/1
f 160/620/354 186/594/354 161/618/354
f 160/620/1 184/596/1 185/595/1
f 158/621/355 184/596/355 159/622/355
f 158/621/356 182/598/356 183/597/356
f 156/623/357 182/598/357 157/624/357
f 155/10/1 181/599/1 156/623/1
f 28/625/358 179/600/358 27/601/358
f 154/626/359 178/603/359 179/600/359
f 152/627/360 178/603/360 153/628/360
f 151/629/361 177/602/361 152/627/361
f 150/630/1 176/604/1 151/629/1
f 149/631/362 175/605/362 150/630/362
f 148/632/363 174/606/363 149/631/363
f 148/632/364 172/607/364 173/608/364
f 146/633/365 172/607/365 147/634/365
f 146/633/366 170/611/366 171/609/366
f 144/635/367 170/611/367 145/636/367
f 143/637/368 169/610/368 144/635/368
f 143/637/1 167/613/1 168/612/1
f 141/638/369 167/613/369 142/639/369
f 140/640/370 166/614/370 141/638/370
f 139/641/371 165/615/371 140/640/371
f 138/642/372 164/616/372 139/641/372
f 138/642/1 162/619/1 163/617/1
f 136/643/373 162/619/373 137/644/373
f 136/643/374 160/620/374 161/618/374
f 134/645/375 160/620/375 135/646/375
f 134/645/376 158/621/376 159/622/376
f 132/647/377 158/621/377 133/648/377
f 132/647/378 156/623/378 157/624/378
f 131/649/379 155/10/379 156/623/379
f 129/650/1 28/625/1 29/651/1
f 129/650/380 153/628/380 154/626/380
f 127/652/381 153/628/381 128/653/381
f 126/654/382 152/627/382 127/652/382
f 126/654/1 150/630/1 151/629/1
f 124/655/383 150/630/383 125/656/383
f 124/655/384 148/632/384 149/631/384
f 123/657/385 147/634/385 148/632/385
f 121/658/386 147/634/386 122/659/386
f 121/658/387 145/636/387 146/633/387
f 119/660/388 145/636/388 120/661/388
f 119/660/389 143/637/389 144/635/389
f 117/662/390 143/637/390 118/663/390
f 117/662/391 141/638/391 142/639/391
f 115/664/392 141/638/392 116/665/392
f 115/664/1 139/641/1 140/640/1
f 113/666/393 139/641/393 114/667/393
f 113/666/394 137/644/394 138/642/394
f 112/668/1 136/643/1 137/644/1
f 110/669/395 136/643/395 111/670/395
f 110/669/396 134/645/396 135/646/396
f 108/671/397 134/645/397 109/672/397
f 107/673/398 133/648/398 108/671/398
f 106/674/399 132/647/399 107/673/399
f 106/674/400 130/8/400 131/649/400
f 55/675/401 29/651/401 1/676/401
f 56/677/402 129/650/402 55/675/402
f 57/678/403 128/653/403 56/677/403
f 57/678/404 126/654/404 127/652/404
f 59/679/405 126/654/405 58/680/405
f 60/681/1 125/656/1 59/679/1
f 61/682/406 124/655/406 60/681/406
f 62/683/407 123/657/407 61/682/407
f 63/684/1 122/659/1 62/683/1
f 63/684/408 120/661/408 121/658/408
f 65/685/409 120/661/409 64/686/409
f 65/685/410 118/663/410 119/660/410
f 67/687/411 118/663/411 66/688/411
f 68/689/412 117/662/412 67/687/412
f 68/689/413 115/664/413 116/665/413
f 70/690/414 115/664/414 69/691/414
f 70/690/415 113/666/415 114/667/415
f 71/692/416 112/668/416 113/666/416
f 73/693/417 112/668/417 72/694/417
f 73/693/418 110/669/418 111/670/418
f 75/695/419 110/669/419 74/696/419
f 76/697/1 109/672/1 75/695/1
f 77/698/420 108/671/420 76/697/420
f 77/698/421 106/674/421 107/673/421
f 79/6/422 106/674/422 78/699/422
f 5/51/1 104/700/1 3/701/1
f 728/53/423 104/700/423 729/54/423
f 727/58/424 103/702/424 728/53/424
f 726/60/1 102/703/1 727/58/1
f 725/62/1 101/704/1 726/60/1
f 724/64/1 100/705/1 725/62/1
f 723/66/1 99/706/1 724/64/1
f 722/68/425 98/707/425 723/66/425
f 721/70/1 97/708/1 722/68/1
f 720/69/426 96/709/426 721/70/426
f 719/74/427 95/710/427 720/69/427
f 718/76/428 94/711/428 719/74/428
f 717/75/429 93/712/429 718/76/429
f 716/80/430 92/713/430 717/75/430
f 716/80/431 90/714/431 91/715/431
f 714/84/432 90/714/432 715/82/432
f 714/84/433 88/716/433 89/717/433
f 712/86/1 88/716/1 713/83/1
f 711/90/434 87/718/434 712/86/434
f 711/90/1 85/719/1 86/720/1
f 710/89/435 84/721/435 85/719/435
f 708/93/436 84/721/436 709/94/436
f 708/93/437 82/722/437 83/723/437
f 706/99/438 82/722/438 707/98/438
f 706/99/439 80/2/439 81/724/439
f 54/1/1 4/725/1 80/2/1
f 2/4/2 30/7/2 105/5/2
f 30/7/3 31/9/3 130/8/3
f 31/9/440 32/11/440 155/10/440
f 32/11/5 33/13/5 180/12/5
f 33/13/1 34/15/1 205/14/1
f 34/15/7 35/17/7 230/16/7
f 35/17/1 36/19/1 255/18/1
f 36/19/8 37/726/8 280/20/8
f 280/20/1 37/726/1 38/21/1
f 38/21/10 39/727/10 330/23/10
f 330/23/441 39/727/441 40/24/441
f 40/24/1 41/27/1 380/26/1
f 41/27/12 42/728/12 405/28/12
f 405/28/1 42/728/1 43/29/1
f 43/29/14 44/729/14 455/31/14
f 455/31/14 44/729/14 45/32/14
f 480/33/442 45/32/442 46/34/442
f 46/34/443 47/37/443 530/36/443
f 47/37/1 48/39/1 555/38/1
f 48/39/1 49/41/1 580/40/1
f 49/41/1 50/43/1 605/42/1
f 50/43/19 51/45/19 630/44/19
f 51/45/1 52/47/1 655/46/1
f 52/47/20 53/49/20 680/48/20
f 53/49/21 54/1/21 705/3/21
f 704/50/22 729/54/22 5/51/22
f 704/50/1 703/56/1 728/53/1
f 702/55/23 727/58/23 728/53/23
f 701/57/1 726/60/1 727/58/1
f 700/59/1 725/62/1 726/60/1
f 699/61/1 724/64/1 725/62/1
f 698/63/1 723/66/1 724/64/1
f 697/65/444 722/68/444 723/66/444
f 696/67/24 721/70/24 722/68/24
f 696/67/1 695/72/1 720/69/1
f 694/71/445 719/74/445 720/69/445
f 693/73/446 718/76/446 719/74/446
f 693/73/447 692/78/447 717/75/447
f 691/77/448 716/80/448 717/75/448
f 690/79/449 715/82/449 716/80/449
f 689/81/1 714/84/1 715/82/1
f 689/81/450 688/85/450 713/83/450
f 688/85/451 687/88/451 712/86/451
f 686/87/452 711/90/452 712/86/452
f 686/87/48 685/92/48 710/89/48
f 684/91/453 709/94/453 710/89/453
f 684/91/34 683/96/34 708/93/34
f 682/95/454 707/98/454 708/93/454
f 681/97/1 706/99/1 707/98/1
f 681/97/455 680/48/455 705/3/455
f 7/100/456 679/101/456 704/50/456
f 679/101/457 678/103/457 703/56/457
f 677/102/458 702/55/458 703/56/458
f 676/104/1 701/57/1 702/55/1
f 676/104/459 675/106/459 700/59/459
f 674/105/40 699/61/40 700/59/40
f 673/107/1 698/63/1 699/61/1
f 672/108/1 697/65/1 698/63/1
f 671/109/1 696/67/1 697/65/1
f 670/110/1 695/72/1 696/67/1
f 669/111/1 694/71/1 695/72/1
f 668/112/42 693/73/42 694/71/42
f 667/113/460 692/78/460 693/73/460
f 667/113/43 666/115/43 691/77/43
f 665/114/461 690/79/461 691/77/461
f 664/116/45 689/81/45 690/79/45
f 664/116/1 663/118/1 688/85/1
f 662/117/47 687/88/47 688/85/47
f 661/119/1 686/87/1 687/88/1
f 661/119/462 660/121/462 685/92/462
f 659/120/49 684/91/49 685/92/49
f 659/120/1 658/123/1 683/96/1
f 657/122/463 682/95/463 683/96/463
f 656/124/51 681/97/51 682/95/51
f 656/124/464 655/46/464 680/48/464
f 8/125/465 654/126/465 679/101/465
f 654/126/54 653/128/54 678/103/54
f 652/127/466 677/102/466 678/103/466
f 651/129/56 676/104/56 677/102/56
f 650/130/57 675/106/57 676/104/57
f 649/131/1 674/105/1 675/106/1
f 649/131/467 648/133/467 673/107/467
f 647/132/59 672/108/59 673/107/59
f 646/134/1 671/109/1 672/108/1
f 645/135/1 670/110/1 671/109/1
f 644/136/1 669/111/1 670/110/1
f 643/137/468 668/112/468 669/111/468
f 642/138/61 667/113/61 668/112/61
f 642/138/1 641/140/1 666/115/1
f 640/139/1 665/114/1 666/115/1
f 639/141/1 664/116/1 665/114/1
f 638/142/1 663/118/1 664/116/1
f 637/143/469 662/117/469 663/118/469
f 636/144/470 661/119/470 662/117/470
f 636/144/471 635/146/471 660/121/471
f 634/145/1 659/120/1 660/121/1
f 633/147/1 658/123/1 659/120/1
f 633/147/472 632/149/472 657/122/472
f 631/148/66 656/124/66 657/122/66
f 631/148/82 630/44/82 655/46/82
f 629/150/473 654/126/473 8/125/473
f 628/152/474 653/128/474 654/126/474
f 628/152/475 627/153/475 652/127/475
f 627/153/1 626/155/1 651/129/1
f 625/154/476 650/130/476 651/129/476
f 624/156/72 649/131/72 650/130/72
f 623/157/477 648/133/477 649/131/477
f 622/158/1 647/132/1 648/133/1
f 621/159/478 646/134/478 647/132/478
f 620/160/75 645/135/75 646/134/75
f 619/161/1 644/136/1 645/135/1
f 618/162/1 643/137/1 644/136/1
f 617/163/1 642/138/1 643/137/1
f 616/164/1 641/140/1 642/138/1
f 616/164/479 615/166/479 640/139/479
f 614/165/77 639/141/77 640/139/77
f 613/167/1 638/142/1 639/141/1
f 612/168/1 637/143/1 638/142/1
f 611/169/79 636/144/79 637/143/79
f 610/170/1 635/146/1 636/144/1
f 609/171/80 634/145/80 635/146/80
f 608/172/1 633/147/1 634/145/1
f 608/172/81 607/174/81 632/149/81
f 606/173/1 631/148/1 632/149/1
f 606/173/480 605/42/480 630/44/480
f 604/175/481 629/150/481 9/151/481
f 604/175/83 603/177/83 628/152/83
f 603/177/1 602/179/1 627/153/1
f 601/178/1 626/155/1 627/153/1
f 600/180/1 625/154/1 626/155/1
f 599/181/1 624/156/1 625/154/1
f 598/182/482 623/157/482 624/156/482
f 597/183/85 622/158/85 623/157/85
f 597/183/483 596/185/483 621/159/483
f 595/184/1 620/160/1 621/159/1
f 594/186/87 619/161/87 620/160/87
f 593/187/1 618/162/1 619/161/1
f 592/188/1 617/163/1 618/162/1
f 591/189/1 616/164/1 617/163/1
f 590/190/88 615/166/88 616/164/88
f 590/190/484 589/192/484 614/165/484
f 588/191/89 613/167/89 614/165/89
f 587/193/1 612/168/1 613/167/1
f 586/194/485 611/169/485 612/168/485
f 585/195/91 610/170/91 611/169/91
f 585/195/1 584/197/1 609/171/1
f 583/196/1 608/172/1 609/171/1
f 582/198/486 607/174/486 608/172/486
f 582/198/93 581/199/93 606/173/93
f 581/199/1 580/40/1 605/42/1
f 11/200/487 579/202/487 604/175/487
f 578/201/95 603/177/95 604/175/95
f 577/203/97 602/179/97 603/177/97
f 576/204/97 601/178/97 602/179/97
f 575/205/1 600/180/1 601/178/1
f 575/205/488 574/207/488 599/181/488
f 573/206/99 598/182/99 599/181/99
f 572/208/1 597/183/1 598/182/1
f 571/209/489 596/185/489 597/183/489
f 570/210/101 595/184/101 596/185/101
f 570/210/1 569/211/1 594/186/1
f 569/211/490 568/213/490 593/187/490
f 567/212/103 592/188/103 593/187/103
f 566/214/1 591/189/1 592/188/1
f 565/215/491 590/190/491 591/189/491
f 564/216/105 589/192/105 590/190/105
f 564/216/1 563/218/1 588/191/1
f 562/217/107 587/193/107 588/191/107
f 562/217/492 561/220/492 586/194/492
f 560/219/108 585/195/108 586/194/108
f 559/221/1 584/197/1 585/195/1
f 558/222/1 583/196/1 584/197/1
f 557/223/1 582/198/1 583/196/1
f 556/224/1 581/199/1 582/198/1
f 555/38/1 580/40/1 581/199/1
f 12/225/493 554/227/493 579/202/493
f 553/226/111 578/201/111 579/202/111
f 552/228/494 577/203/494 578/201/494
f 551/229/1 576/204/1 577/203/1
f 550/230/495 575/205/495 576/204/495
f 550/230/114 549/232/114 574/207/114
f 548/231/1 573/206/1 574/207/1
f 547/233/116 572/208/116 573/206/116
f 546/234/1 571/209/1 572/208/1
f 545/235/1 570/210/1 571/209/1
f 544/236/1 569/211/1 570/210/1
f 543/237/117 568/213/117 569/211/117
f 542/238/1 567/212/1 568/213/1
f 541/239/118 566/214/118 567/212/118
f 540/240/1 565/215/1 566/214/1
f 540/240/496 539/242/496 564/216/496
f 538/241/120 563/218/120 564/216/120
f 537/243/107 562/217/107 563/218/107
f 536/244/122 561/220/122 562/217/122
f 535/245/1 560/219/1 561/220/1
f 534/246/497 559/221/497 560/219/497
f 533/247/124 558/222/124 559/221/124
f 532/248/1 557/223/1 558/222/1
f 532/248/498 531/249/498 556/224/498
f 530/36/126 555/38/126 556/224/126
f 529/250/499 554/227/499 12/225/499
f 528/252/128 553/226/128 554/227/128
f 528/252/500 527/254/500 552/228/500
f 526/253/130 551/229/130 552/228/130
f 526/253/501 525/256/501 550/230/501
f 524/255/502 549/232/502 550/230/502
f 524/255/132 523/257/132 548/231/132
f 523/257/503 522/259/503 547/233/503
f 521/258/134 546/234/134 547/233/134
f 520/260/1 545/235/1 546/234/1
f 519/261/1 544/236/1 545/235/1
f 518/262/504 543/237/504 544/236/504
f 517/263/136 542/238/136 543/237/136
f 517/263/1 516/265/1 541/239/1
f 515/264/1 540/240/1 541/239/1
f 514/266/138 539/242/138 540/240/138
f 513/267/1 538/241/1 539/242/1
f 512/268/139 537/243/139 538/241/139
f 511/269/505 536/244/505 537/243/505
f 510/270/140 535/245/140 536/244/140
f 510/270/156 509/272/156 534/246/156
f 508/271/1 533/247/1 534/246/1
f 507/273/142 532/248/142 533/247/142
f 507/273/506 506/274/506 531/249/506
f 505/35/144 530/36/144 531/249/144
f 14/275/146 504/276/146 529/250/146
f 504/276/507 503/277/507 528/252/507
f 503/277/1 502/279/1 527/254/1
f 501/278/1 526/253/1 527/254/1
f 500/280/508 525/256/508 526/253/508
f 499/281/148 524/255/148 525/256/148
f 499/281/1 498/283/1 523/257/1
f 497/282/150 522/259/150 523/257/150
f 496/284/1 521/258/1 522/259/1
f 495/285/151 520/260/151 521/258/151
f 494/286/1 519/261/1 520/260/1
f 493/287/1 518/262/1 519/261/1
f 493/287/509 492/289/509 517/263/509
f 491/288/152 516/265/152 517/263/152
f 490/290/1 515/264/1 516/265/1
f 489/291/510 514/266/510 515/264/510
f 488/292/154 513/267/154 514/266/154
f 488/292/1 487/294/1 512/268/1
f 486/293/1 511/269/1 512/268/1
f 485/295/1 510/270/1 511/269/1
f 485/295/511 484/297/511 509/272/511
f 483/296/157 508/271/157 509/272/157
f 482/298/142 507/273/142 508/271/142
f 481/299/512 506/274/512 507/273/512
f 480/33/160 505/35/160 506/274/160
f 15/300/513 479/302/513 504/276/513
f 478/301/161 503/277/161 504/276/161
f 477/303/1 502/279/1 503/277/1
f 477/303/514 476/305/514 501/278/514
f 475/304/163 500/280/163 501/278/163
f 474/306/165 499/281/165 500/280/165
f 473/307/165 498/283/165 499/281/165
f 473/307/515 472/309/515 497/282/515
f 471/308/167 496/284/167 497/282/167
f 471/308/516 470/311/516 495/285/516
f 469/310/169 494/286/169 495/285/169
f 468/312/1 493/287/1 494/286/1
f 467/313/171 492/289/171 493/287/171
f 466/314/1 491/288/1 492/289/1
f 465/315/172 490/290/172 491/288/172
f 464/316/1 489/291/1 490/290/1
f 463/317/1 488/292/1 489/291/1
f 462/318/1 487/294/1 488/292/1
f 462/318/517 461/320/517 486/293/517
f 460/319/173 485/295/173 486/293/173
f 460/319/518 459/322/518 484/297/518
f 458/321/1 483/296/1 484/297/1
f 457/323/175 482/298/175 483/296/175
f 456/324/519 481/299/519 482/298/519
f 455/31/177 480/33/177 481/299/177
f 454/325/178 479/302/178 15/300/178
f 454/325/520 453/328/520 478/301/520
f 452/327/180 477/303/180 478/301/180
f 451/329/181 476/305/181 477/303/181
f 450/330/1 475/304/1 476/305/1
f 449/331/182 474/306/182 475/304/182
f 449/331/1 448/333/1 473/307/1
f 447/332/183 472/309/183 473/307/183
f 446/334/1 471/308/1 472/309/1
f 445/335/184 470/311/184 471/308/184
f 445/335/1 444/337/1 469/310/1
f 443/336/185 468/312/185 469/310/185
f 442/338/521 467/313/521 468/312/521
f 441/339/186 466/314/186 467/313/186
f 441/339/1 440/340/1 465/315/1
f 440/340/522 439/342/522 464/316/522
f 438/341/188 463/317/188 464/316/188
f 437/343/1 462/318/1 463/317/1
f 436/344/190 461/320/190 462/318/190
f 435/345/1 460/319/1 461/320/1
f 434/346/523 459/322/523 460/319/523
f 434/346/192 433/348/192 458/321/192
f 432/347/175 457/323/175 458/321/175
f 431/349/176 456/324/176 457/323/176
f 430/30/1 455/31/1 456/324/1
f 429/350/524 454/325/524 16/326/524
f 429/350/194 428/352/194 453/328/194
f 428/352/1 427/354/1 452/327/1
f 426/353/525 451/329/525 452/327/525
f 425/355/196 450/330/196 451/329/196
f 425/355/198 424/357/198 449/331/198
f 423/356/198 448/333/198 449/331/198
f 423/356/526 422/359/526 447/332/526
f 421/358/200 446/334/200 447/332/200
f 421/358/527 420/361/527 445/335/527
f 419/360/202 444/337/202 445/335/202
f 419/360/1 418/363/1 443/336/1
f 417/362/1 442/338/1 443/336/1
f 416/364/1 441/339/1 442/338/1
f 415/365/1 440/340/1 441/339/1
f 414/366/204 439/342/204 440/340/204
f 413/367/1 438/341/1 439/342/1
f 413/367/205 412/369/205 437/343/205
f 411/368/528 436/344/528 437/343/528
f 410/370/206 435/345/206 436/344/206
f 410/370/529 409/371/529 434/346/529
f 409/371/1 408/372/1 433/348/1
f 408/372/530 407/373/530 432/347/530
f 407/373/210 406/374/210 431/349/210
f 406/374/531 405/28/531 430/30/531
f 404/375/532 429/350/532 17/351/532
f 404/375/533 403/378/533 428/352/533
f 402/377/214 427/354/214 428/352/214
f 401/379/214 426/353/214 427/354/214
f 401/379/534 400/381/534 425/355/534
f 399/380/66 424/357/66 425/355/66
f 398/382/1 423/356/1 424/357/1
f 397/383/216 422/359/216 423/356/216
f 396/384/1 421/358/1 422/359/1
f 396/384/535 395/386/535 420/361/535
f 394/385/218 419/360/218 420/361/218
f 393/387/1 418/363/1 419/360/1
f 392/388/1 417/362/1 418/363/1
f 391/389/1 416/364/1 417/362/1
f 391/389/1 390/391/1 415/365/1
f 389/390/536 414/366/536 415/365/536
f 388/392/220 413/367/220 414/366/220
f 388/392/1 387/393/1 412/369/1
f 387/393/537 386/395/537 411/368/537
f 385/394/222 410/370/222 411/368/222
f 385/394/538 384/397/538 409/371/538
f 383/396/224 408/372/224 409/371/224
f 382/398/539 407/373/539 408/372/539
f 381/399/1 406/374/1 407/373/1
f 380/26/540 405/28/540 406/374/540
f 19/400/541 379/402/541 404/375/541
f 378/401/228 403/378/228 404/375/228
f 377/403/542 402/377/542 403/378/542
f 376/404/1 401/379/1 402/377/1
f 375/405/230 400/381/230 401/379/230
f 374/406/1 399/380/1 400/381/1
f 373/407/231 398/382/231 399/380/231
f 372/408/543 397/383/543 398/382/543
f 371/409/232 396/384/232 397/383/232
f 370/410/544 395/386/544 396/384/544
f 369/411/1 394/385/1 395/386/1
f 368/412/234 393/387/234 394/385/234
f 368/412/545 367/414/545 392/388/545
f 366/413/235 391/389/235 392/388/235
f 365/415/1 390/391/1 391/389/1
f 365/415/546 364/417/546 389/390/546
f 363/416/237 388/392/237 389/390/237
f 362/418/1 387/393/1 388/392/1
f 361/419/239 386/395/239 387/393/239
f 360/420/1 385/394/1 386/395/1
f 359/421/240 384/397/240 385/394/240
f 358/422/1 383/396/1 384/397/1
f 357/423/547 382/398/547 383/396/547
f 356/424/241 381/399/241 382/398/241
f 356/424/548 355/25/548 380/26/548
f 354/425/549 379/402/549 19/400/549
f 353/427/244 378/401/244 379/402/244
f 353/427/550 352/428/550 377/403/550
f 352/428/246 351/430/246 376/404/246
f 350/429/551 375/405/551 376/404/551
f 349/431/247 374/406/247 375/405/247
f 349/431/1 348/433/1 373/407/1
f 347/432/1 372/408/1 373/407/1
f 346/434/1 371/409/1 372/408/1
f 345/435/552 370/410/552 371/409/552
f 344/436/249 369/411/249 370/410/249
f 344/436/1 343/438/1 368/412/1
f 342/437/251 367/414/251 368/412/251
f 341/439/1 366/413/1 367/414/1
f 340/440/252 365/415/252 366/413/252
f 339/441/253 364/417/253 365/415/253
f 338/442/1 363/416/1 364/417/1
f 337/443/254 362/418/254 363/416/254
f 337/443/553 336/445/553 361/419/553
f 335/444/255 360/420/255 361/419/255
f 334/446/240 359/421/240 360/420/240
f 333/447/1 358/422/1 359/421/1
f 332/448/1 357/423/1 358/422/1
f 332/448/554 331/449/554 356/424/554
f 331/449/11 330/23/11 355/25/11
f 329/450/555 354/425/555 20/426/555
f 328/452/44 353/427/44 354/425/44
f 328/452/1 327/454/1 352/428/1
f 326/453/1 351/430/1 352/428/1
f 325/455/1 350/429/1 351/430/1
f 324/456/1 349/431/1 350/429/1
f 323/457/1 348/433/1 349/431/1
f 322/458/1 347/432/1 348/433/1
f 321/459/1 346/434/1 347/432/1
f 320/460/1 345/435/1 346/434/1
f 320/460/556 319/462/556 344/436/556
f 318/461/259 343/438/259 344/436/259
f 318/461/557 317/464/557 342/437/557
f 316/463/261 341/439/261 342/437/261
f 316/463/1 315/466/1 340/440/1
f 314/465/558 339/441/558 340/440/558
f 313/467/263 338/442/263 339/441/263
f 313/467/1 312/469/1 337/443/1
f 311/468/265 336/445/265 337/443/265
f 310/470/1 335/444/1 336/445/1
f 309/471/266 334/446/266 335/444/266
f 308/472/1 333/447/1 334/446/1
f 307/473/1 332/448/1 333/447/1
f 306/474/267 331/449/267 332/448/267
f 305/22/1 330/23/1 331/449/1
f 304/475/1 329/450/1 21/451/1
f 304/475/1 303/477/1 328/452/1
f 303/477/1 302/479/1 327/454/1
f 301/478/1 326/453/1 327/454/1
f 301/478/559 300/481/559 325/455/559
f 299/480/268 324/456/268 325/455/268
f 298/482/1 323/457/1 324/456/1
f 297/483/1 322/458/1 323/457/1
f 296/484/1 321/459/1 322/458/1
f 295/485/1 320/460/1 321/459/1
f 294/486/270 319/462/270 320/460/270
f 293/487/1 318/461/1 319/462/1
f 292/488/560 317/464/560 318/461/560
f 291/489/272 316/463/272 317/464/272
f 290/490/1 315/466/1 316/463/1
f 289/491/1 314/465/1 315/466/1
f 288/492/1 313/467/1 314/465/1
f 287/493/1 312/469/1 313/467/1
f 286/494/561 311/468/561 312/469/561
f 285/495/274 310/470/274 311/468/274
f 285/495/1 284/497/1 309/471/1
f 283/496/1 308/472/1 309/471/1
f 282/498/1 307/473/1 308/472/1
f 281/499/562 306/474/562 307/473/562
f 280/20/276 305/22/276 306/474/276
f 279/500/277 304/475/277 22/476/277
f 278/502/279 303/477/279 304/475/279
f 277/503/279 302/479/279 303/477/279
f 276/504/1 301/478/1 302/479/1
f 275/505/281 300/481/281 301/478/281
f 274/506/1 299/480/1 300/481/1
f 273/507/282 298/482/282 299/480/282
f 273/507/563 272/509/563 297/483/563
f 271/508/283 296/484/283 297/483/283
f 270/510/1 295/485/1 296/484/1
f 269/511/564 294/486/564 295/485/564
f 268/512/285 293/487/285 294/486/285
f 268/512/298 267/514/298 292/488/298
f 266/513/1 291/489/1 292/488/1
f 266/513/565 265/516/565 290/490/565
f 264/515/288 289/491/288 290/490/288
f 263/517/1 288/492/1 289/491/1
f 262/518/1 287/493/1 288/492/1
f 261/519/1 286/494/1 287/493/1
f 260/520/1 285/495/1 286/494/1
f 259/521/1 284/497/1 285/495/1
f 258/522/1 283/496/1 284/497/1
f 257/523/1 282/498/1 283/496/1
f 256/524/1 281/499/1 282/498/1
f 256/524/566 255/18/566 280/20/566
f 24/525/1 254/527/1 279/500/1
f 253/526/290 278/502/290 279/500/290
f 253/526/567 252/528/567 277/503/567
f 252/528/291 251/530/291 276/504/291
f 250/529/568 275/505/568 276/504/568
f 249/531/293 274/506/293 275/505/293
f 249/531/1 248/533/1 273/507/1
f 247/532/295 272/509/295 273/507/295
f 247/532/569 246/535/569 271/508/569
f 245/534/296 270/510/296 271/508/296
f 244/536/1 269/511/1 270/510/1
f 243/537/1 268/512/1 269/511/1
f 243/537/570 242/539/570 267/514/570
f 241/538/299 266/513/299 267/514/299
f 240/540/571 265/516/571 266/513/571
f 239/541/1 264/515/1 265/516/1
f 238/542/301 263/517/301 264/515/301
f 237/543/1 262/518/1 263/517/1
f 236/544/1 261/519/1 262/518/1
f 235/545/1 260/520/1 261/519/1
f 235/545/572 234/547/572 259/521/572
f 233/546/302 258/522/302 259/521/302
f 232/548/1 257/523/1 258/522/1
f 231/549/1 256/524/1 257/523/1
f 230/16/304 255/18/304 256/524/304
f 229/550/305 254/527/305 24/525/305
f 228/552/573 253/526/573 254/527/573
f 228/552/307 227/553/307 252/528/307
f 227/553/1 226/555/1 251/530/1
f 225/554/309 250/529/309 251/530/309
f 224/556/1 249/531/1 250/529/1
f 223/557/1 248/533/1 249/531/1
f 222/558/574 247/532/574 248/533/574
f 221/559/310 246/535/310 247/532/310
f 221/559/1 220/561/1 245/534/1
f 219/560/312 244/536/312 245/534/312
f 218/562/1 243/537/1 244/536/1
f 217/563/313 242/539/313 243/537/313
f 216/564/1 241/538/1 242/539/1
f 215/565/575 240/540/575 241/538/575
f 215/565/576 214/567/576 239/541/576
f 213/566/577 238/542/577 239/541/577
f 212/568/1 237/543/1 238/542/1
f 211/569/1 236/544/1 237/543/1
f 210/570/1 235/545/1 236/544/1
f 209/571/318 234/547/318 235/545/318
f 209/571/578 208/573/578 233/546/578
f 207/572/319 232/548/319 233/546/319
f 206/574/1 231/549/1 232/548/1
f 205/14/579 230/16/579 231/549/579
f 26/575/580 204/577/580 229/550/580
f 203/576/321 228/552/321 229/550/321
f 202/578/581 227/553/581 228/552/581
f 201/579/323 226/555/323 227/553/323
f 201/579/582 200/580/582 225/554/582
f 200/580/583 199/582/583 224/556/583
f 198/581/584 223/557/584 224/556/584
f 197/583/1 222/558/1 223/557/1
f 196/584/585 221/559/585 222/558/585
f 195/585/328 220/561/328 221/559/328
f 195/585/1 194/587/1 219/560/1
f 193/586/1 218/562/1 219/560/1
f 192/588/586 217/563/586 218/562/586
f 191/589/330 216/564/330 217/563/330
f 191/589/1 190/591/1 215/565/1
f 189/590/332 214/567/332 215/565/332
f 188/592/1 213/566/1 214/567/1
f 187/593/333 212/568/333 213/566/333
f 186/594/1 211/569/1 212/568/1
f 186/594/587 185/595/587 210/570/587
f 185/595/588 184/596/588 209/571/588
f 184/596/589 183/597/589 208/573/589
f 183/597/1 182/598/1 207/572/1
f 182/598/590 181/599/590 206/574/590
f 180/12/338 205/14/338 206/574/338
f 179/600/339 204/577/339 26/575/339
f 179/600/591 178/603/591 203/576/591
f 177/602/341 202/578/341 203/576/341
f 176/604/1 201/579/1 202/578/1
f 175/605/343 200/580/343 201/579/343
f 174/606/344 199/582/344 200/580/344
f 174/606/592 173/608/592 198/581/592
f 172/607/346 197/583/346 198/581/346
f 171/609/1 196/584/1 197/583/1
f 171/609/593 170/611/593 195/585/593
f 169/610/348 194/587/348 195/585/348
f 168/612/350 193/586/350 194/587/350
f 167/613/350 192/588/350 193/586/350
f 166/614/1 191/589/1 192/588/1
f 165/615/1 190/591/1 191/589/1
f 164/616/594 189/590/594 190/591/594
f 163/617/352 188/592/352 189/590/352
f 163/617/1 162/619/1 187/593/1
f 161/618/1 186/594/1 187/593/1
f 160/620/354 185/595/354 186/594/354
f 160/620/595 159/622/595 184/596/595
f 158/621/596 183/597/596 184/596/596
f 158/621/597 157/624/597 182/598/597
f 156/623/598 181/599/598 182/598/598
f 155/10/1 180/12/1 181/599/1
f 28/625/599 154/626/599 179/600/599
f 154/626/600 153/628/600 178/603/600
f 152/627/601 177/602/601 178/603/601
f 151/629/602 176/604/602 177/602/602
f 150/630/603 175/605/603 176/604/603
f 149/631/604 174/606/604 175/605/604
f 148/632/605 173/608/605 174/606/605
f 148/632/1 147/634/1 172/607/1
f 146/633/365 171/609/365 172/607/365
f 146/633/606 145/636/606 170/611/606
f 144/635/367 169/610/367 170/611/367
f 143/637/172 168/612/172 169/610/172
f 143/637/607 142/639/607 167/613/607
f 141/638/369 166/614/369 167/613/369
f 140/640/371 165/615/371 166/614/371
f 139/641/371 164/616/371 165/615/371
f 138/642/1 163/617/1 164/616/1
f 138/642/608 137/644/608 162/619/608
f 136/643/373 161/618/373 162/619/373
f 136/643/609 135/646/609 160/620/609
f 134/645/375 159/622/375 160/620/375
f 134/645/610 133/648/610 158/621/610
f 132/647/611 157/624/611 158/621/611
f 132/647/612 131/649/612 156/623/612
f 131/649/613 130/8/613 155/10/613
f 129/650/1 154/626/1 28/625/1
f 129/650/614 128/653/614 153/628/614
f 127/652/381 152/627/381 153/628/381
f 126/654/615 151/629/615 152/627/615
f 126/654/616 125/656/616 150/630/616
f 124/655/383 149/631/383 150/630/383
f 124/655/617 123/657/617 148/632/617
f 123/657/618 122/659/618 147/634/618
f 121/658/619 146/633/619 147/634/619
f 121/658/620 120/661/620 145/636/620
f 119/660/388 144/635/388 145/636/388
f 119/660/621 118/663/621 143/637/621
f 117/662/622 142/639/622 143/637/622
f 117/662/623 116/665/623 141/638/623
f 115/664/624 140/640/624 141/638/624
f 115/664/625 114/667/625 139/641/625
f 113/666/393 138/642/393 139/641/393
f 113/666/416 112/668/416 137/644/416
f 112/668/626 111/670/626 136/643/626
f 110/669/395 135/646/395 136/643/395
f 110/669/627 109/672/627 134/645/627
f 108/671/397 133/648/397 134/645/397
f 107/673/628 132/647/628 133/648/628
f 106/674/399 131/649/399 132/647/399
f 106/674/629 105/5/629 130/8/629
f 55/675/401 129/650/401 29/651/401
f 56/677/630 128/653/630 129/650/630
f 57/678/403 127/652/403 128/653/403
f 57/678/631 58/680/631 126/654/631
f 59/679/405 125/656/405 126/654/405
f 60/681/1 124/655/1 125/656/1
f 61/682/406 123/657/406 124/655/406
f 62/683/407 122/659/407 123/657/407
f 63/684/1 121/658/1 122/659/1
f 63/684/632 64/686/632 120/661/632
f 65/685/409 119/660/409 120/661/409
f 65/685/1 66/688/1 118/663/1
f 67/687/633 117/662/633 118/663/633
f 68/689/412 116/665/412 117/662/412
f 68/689/634 69/691/634 115/664/634
f 70/690/414 114/667/414 115/664/414
f 70/690/1 71/692/1 113/666/1
f 71/692/635 72/694/635 112/668/635
f 73/693/417 111/670/417 112/668/417
f 73/693/1 74/696/1 110/669/1
f 75/695/419 109/672/419 110/669/419
f 76/697/636 108/671/636 109/672/636
f 77/698/637 107/673/637 108/671/637
f 77/698/638 78/699/638 106/674/638
f 79/6/639 105/5/639 106/674/639
f 5/51/640 729/54/640 104/700/640
f 728/53/423 103/702/423 104/700/423
f 727/58/1 102/703/1 103/702/1
f 726/60/1 101/704/1 102/703/1
f 725/62/1 100/705/1 101/704/1
f 724/64/1 99/706/1 100/705/1
f 723/66/1 98/707/1 99/706/1
f 722/68/425 97/708/425 98/707/425
f 721/70/1 96/709/1 97/708/1
f 720/69/426 95/710/426 96/709/426
f 719/74/427 94/711/427 95/710/427
f 718/76/428 93/712/428 94/711/428
f 717/75/641 92/713/641 93/712/641
f 716/80/430 91/715/430 92/713/430
f 716/80/642 715/82/642 90/714/642
f 714/84/432 89/717/432 90/714/432
f 714/84/30 713/83/30 88/716/30
f 712/86/1 87/718/1 88/716/1
f 711/90/434 86/720/434 87/718/434
f 711/90/643 710/89/643 85/719/643
f 710/89/435 709/94/435 84/721/435
f 708/93/1 83/723/1 84/721/1
f 708/93/644 707/98/644 82/722/644
f 706/99/438 81/724/438 82/722/438
f 706/99/36 705/3/36 80/2/36
